utterance,labels
ยกเลิกนาฬิกาปลุกสำหรับบ่ายนี้,cancel_alarm
ยกเลิกนาฬิกาปลุกสำหรับ 2 ทุ่มวันศุกร์,cancel_alarm
ตั้งนาฬิกาปลุกสำหรับพรุ่งนี้เช้าตี 5:30 ,set_alarm
ปิดนาฬิกาปลุกทั้งหมด,cancel_alarm
ตั้งนาฬิกาปลุกสำหรับ 6 โมงเช้าพรุ่งนี้,set_alarm
ปิดนาฬิกาปลุกทั้งหมด,cancel_alarm
บอกฉันนาฬิกาปลุกทั้งหมด,show_alarms
ปิดนาฬิกาปลุกทั้งหมด,cancel_alarm
ตั้งนาฬิกาปลุกทุกๆ 15 นาทีสำหรับ 1 ชั่วโมง,set_alarm
เมื่อไหร่นาฬิกาปลุกของฉันจะดัง,show_alarms
ตั้งนาฬิกาปลุกฉันสำหรับ 9 โมงเช้า,set_alarm
ตั้งนาฬิกาปลุก,set_alarm
ตั้งนาฬิกาปลุกสำหรับบ่าย 4:30,set_alarm
ตั้งนาฬิกาปลุกสำหรับบ่าย 5 โมง,set_alarm
ยกเลิกนาฬิกาปลุกสำหรับตี 5,cancel_alarm
แสดงนาฬิกาปลุกให้ฉันดูหน่อย,show_alarms
ตั้งนาฬิกาปลุกสำหรับ 9 โมงเช้าพรุ่งนี้,set_alarm
ยกเลิกนาฬิกาปลุกฉันสำหรับพรุ่งนี้เช้า,cancel_alarm
ตั้งนาฬิกาปลุกสำหรับพรุ่งนี้เช้าตี 5:30,set_alarm
ตั้งนาฬิกาปลุกเพื่อโทรหา Christie Sheldon 9:55 คืนนี้,set_alarm
นาฬิกาปลุกฉันตั้งไว้กี่โมง,show_alarms
ตั้งนาฬิกาปลุกสำหรับ 6 ชั่วโมงจากนี้,set_alarm
นาฬิกาปลุกฉันสำหรับเที่ยง,set_alarm
ตั้งนาฬิกาปลุกสำหรับพรุ่งนี้เช้าตี 4,set_alarm
หยุดนาฬิกาปลุก,cancel_alarm
ตั้งนาฬิกาปลุกครั้งที่สองสำหรับ 8 โมง,set_alarm
ฉันมีเวลากี่ชั่วโมงกว่านาฬิกาปลุกถัดไปจะดัง?,time_left_on_alarm
ตั้งนาฬิกาปลุกสำหรับบ่ายพรุ่งนี้,set_alarm
ตั้งนาฬิกาปลุกของฉันสำหรับบ่ายวันนี้,set_alarm
กรุณาแสดงนาฬิกาปลุกของฉันทั้งหมดให้ฉันดู,show_alarms
แสดงนาฬิกาปลุกสำหรับวันอาทิตย์บ่าย 2:45,set_alarm
ยกเลิกนาฬิกาปลุกสำหรับวันจันทร์,cancel_alarm
ตั้งนาฬิกาปลุกสำหรับวันพุธที่ 15 ตอนเที่ยงวัน,set_alarm
ตั้งนาฬิกาปลุกสำหรับ 6 โมงเช้า,set_alarm
นาฬิกาปลุกของฉันคืออะไร,show_alarms
ตั้งนาฬิกาปลุกทุกๆวันจันทร์ตอนตี 4,set_alarm
ตั้งนาฬิกาปลุกสำหรับ 3 ทุ่ม,set_alarm
ตั้งนาฬิกาปลุกสำหรับ 11 โมงเช้าสุดสัปดาห์,set_alarm
ตั้งนาฬิกาปลุกสำหรับ 1 ทุ่มพรุ่งนี้,set_alarm
ตั้งนาฬิกาปลุกสำหรับเที่ยงคืนคืนนี้,set_alarm
ยกเลิกนาฬิกาปลุกสำหรับตี 4,cancel_alarm
ตั้งนาฬิกาปลุกสำหรับทุกๆ 30 นาที,set_alarm
นาฬิกาปลุกสำหรับตี 5,set_alarm
ตั้งนาฬิกาปลุกสำหรับ 5 นาที,set_alarm
ตั้งนาฬิกาปลุกสำหรับตี 5 วันจันทร์ถึงวันศุกร์,set_alarm
ยกเลิกนาฬิกาปลุกบ่าย 4 โมงพรุ่งนี้,cancel_alarm
ปิดนาฬิกาปลุก,cancel_alarm
กรุณาตั้งนาฬิกาปลุกสำหรับวันจันทร์ถึงวันศุกร์เช้า 6:30,set_alarm
ตั้งนาฬิกาปลุกสำหรับ 6 โมงเช้าวันนี้,set_alarm
ยกเลิกนาฬิกาปลุกสำหรับพรุ่งนี้ 8โมงเช้า,cancel_alarm
แสดงเวลาที่เหลือจนกว่าจะถึงนาฬิกาปลุกถัดไป,time_left_on_alarm
เวลาที่เหลืออยู่ในนาฬิกาปลุก?,time_left_on_alarm
ตั้งนาฬิกาปลุกสำหรับหกโมงเช้าพรุ่งนี้,set_alarm
ตั้งนาฬิกาปลุกสำหรับพรุ่งนี้ 11 โมงเช้า,set_alarm
ยกเลิกนาฬิกาปลุกนี้,cancel_alarm
ตั้งนาฬิกาปลุกสำหรับ 5 นาที,set_alarm
ตั้งนาฬิกาปลุกสำหรับ 20 นาทีจากนี้,set_alarm
ยกเลิกนาฬิกาปลุกตอนเช้าทั้งหมดของฉัน,cancel_alarm
นาฬิกาปลุกฉันตั้งไว้ก่อน 10 โมงเช้าวันอาทิตย์หรือไม่?,show_alarms
ตั้งนาฬิกาปลุกสำหรับ 3 นาที,set_alarm
ตั้งนาฬิกาปลุกสำหรับ 8 โมงเช้าทุกๆวันสำหรับอาทิตย์นี้,set_alarm
คุณช่วยตั้งนาฬิกาปลุกสำหรับตอนเช้า 7:30,set_alarm
คุณช่วยบอกฉันเวลาที่เหลือบนนาฬิกาปลุกหน่อย?,time_left_on_alarm
ตั้งนาฬิกาปลุกสำหรับ 1 ชั่วโมง,set_alarm
ตั้งนาฬิกาปลุกสำหรับ 6 โมงเย็นวันพฤหัสบดี,set_alarm
เปลี่ยนการเตือนนาฬิกาปลุก,modify_alarm
กรุณาตั้งนาฬิกาปลุกสำหรับพรุ่งนี้ 10 โมงเช้า,set_alarm
นาฬิกาปลุกถัดไปตั้งไว้กี่โมง,show_alarms
ตั้งนาฬิกาปลุกฉันสำหรับสองทุ่ม,set_alarm
แสดงนาฬิกาปลุกทั้งหมดในโทรศัพท์ฉัน,show_alarms
ตั้งนาฬิกาปลุกสำหรับพรุ่งนี้,set_alarm
เลื่อนนาฬิกาปลุก,snooze_alarm
ตั้งนาฬิกาปลุกฉันสำหรับ 6 โมงเย็นวันพุธ,set_alarm
ตั้งนาฬิกาปลุกฉันสำหรับสองทุ่ม,set_alarm
ตั้งนาฬิกาปลุกสำหรับทุกๆวันอังคารตอนเที่ยง,set_alarm
ตั้งนาฬิกาปลุกทุกๆ 30 นาที,set_alarm
ฉันอยากให้นาฬิกาปลุกตั้งไว้สำหรับ 8 โมงเช้า,set_alarm
ตั้งนาฬิกาปลุกสองเครื่องสำหรับพรุ่งนี้เช้า,set_alarm
ยกเลิกนาฬิกาปลุกทั้งหมด,cancel_alarm
ตั้งนาฬิกาปลุกสำหรับทุกๆ 22 นาที,set_alarm
ตั้งนาฬิกาปลุกสำหรับเช้าตี 4:30 วันพรุ่งนี้,set_alarm
ยกเลิกนาฬิกาปลุก,cancel_alarm
ลบนาฬิกาปลุกทั้งหมด,cancel_alarm
มีนาฬิกาปลุกกี่เครื่องที่ฉันตั้งไว้?,show_alarms
ยกเลิกนาฬิกาปลุกถัดไป,cancel_alarm
กรุณาตั้งนาฬิกาปลุกสำหรับ 6 โมงเย็น,set_alarm
ยกเลิกนาฬิกาปลุกฉันทั้งหมด,cancel_alarm
ตั้งนาฬิกาปลุกสำหรับวันพรุ่งนี้ 7 โมงเช้า,set_alarm
ฉันต้องการยกเลิกนาฬิกาปลุกของฉันสำหรับวันพรุ่งนี้บ่าย 3 โมง,cancel_alarm
ตั้งนาฬิกาปลุกสำหรับตอนเย็น 6:50,set_alarm
แสดงนาฬิกาปลุกสำหรับเดือนหน้าให้ฉันหน่อย,show_alarms
ยกเลิกนาฬิกาปลุกทั้งหมด,cancel_alarm
มีเวลากี่นาทีกว่าจะถึงนาฬิกาปลุกดัง,time_left_on_alarm
มีเวลาเหลือเท่าไหร่กว่าจะถึงนาฬิกาปลุกของฉัน,time_left_on_alarm
กรุณาตั้งนาฬิกาปลุกทุกๆ 5 นาทีสำหรับ 20 นาที,set_alarm
ยกเลิกนาฬิกาปลุกสำหรับวันสุดสัปดาห์,cancel_alarm
แสดงนาฬิกาปลุกของฉัน,show_alarms
ฉันต้องการให้คุณเพิ่มนาฬิกาปลุกสำหรับตอนเช้า 8:30,set_alarm
ตั้งนาฬิกาปลุกสำหรับทุกๆ 20 นาที,set_alarm
ยกเลิกนาฬิกาปลุกวันอังคาร,cancel_alarm
ตั้งนาฬิกาปลุกสำหรับ 6 โมงเช้าทุกวัน,set_alarm
ตั้งนาฬิกาปลุกสำหรับเช้า 6:10,set_alarm
ลบนาฬิกาปลุกทั้งหมดโดยเพิ่มทีละ 3 นาที,cancel_alarm
เลื่อนนาฬิกาปลุกสำหรับ 2 นาที,snooze_alarm
ตั้งนาฬิกาปลุกทุกๆ 30 นาทีสำหรับ 2 ชั่วโมง,set_alarm
เป็นนาฬิกาปลุกทั้งหมดที่ตั้งไว้สำหรับสัปดาห์,show_alarms
ตั้งนาฬิกาปลุกสำหรับ 6 โมงเช้า,set_alarm
ยกเลิกนาฬิกาปลุกทั้งหมด,cancel_alarm
ยกเลิกนาฬิกาปลุกสำหรับวันพรุ่งนี้,cancel_alarm
กรุณาเลื่อนนาฬิกาปลุกไปอีก 10 นาที,snooze_alarm
ตั้งนาฬิกาปลุกสำหรับพรุ่งนี้เช้า 9:30,set_alarm
แสดงนาฬิกาปลุกทั้งหมดของฉันสำหรับวันพรุ่งนี้หน่อย,show_alarms
ลบนาฬิกาปลุกทั้งหมด,cancel_alarm
ตั้งนาฬิกาปลุกสำหรับ 1 ชั่วโมง 10 นาที,set_alarm
เลื่อนนาฬิกาปลุกสำหรับ 10 นาที,snooze_alarm
ตั้งนาฬิกาปลุกสำหรับตอนเช้า 9:45,set_alarm
กรุณาตั้งนาฬิกาปลุกบนเครื่องจับเวลา,set_alarm
ตั้งนาฬิกาปลุกทุกๆ 30 นาที,set_alarm
ยกเลิกนาฬิกาปลุกฉันสำหรับวันพรุ่งนี้เช้า,cancel_alarm
เวลาเหลือนาฬิกาปลุก,time_left_on_alarm
ตั้งนาฬิกาปลุกสำหรับคืนนี้หนึ่งทุ่ม,set_alarm
ตั้งนาฬิกาปลุกทุกๆ 4 ชั่วโมงสำหรับ 24 ชั่วโมง,set_alarm
ตั้งนาฬิกาปลุกสำหรับตอนเช้ามืด 4:15,set_alarm
ตั้งนาฬิกาปลุกสำหรับตอนเช้า 6:35,set_alarm
ซ้ำนาฬิกาปลุกสำหรับวันพรุ่งนี้,modify_alarm
ตั้งนาฬิกาปลุกสำหรับทุกๆชั่วโมง,set_alarm
ปิดนาฬิกาปลุกสำหรับวันพรุ่งนี้,cancel_alarm
ตั้งนาฬิกาปลุกเป็นเวลา 5 วันนับจากวันนี้,set_alarm
ตั้งนาฬิกาปลุกสำหรับบ่าย 4:30,set_alarm
กรุณาตั้งนาฬิกาปลุกสำหรับ 6 โมงเช้าวันนี้,set_alarm
ตั้งนาฬิกาปลุกสำหรับ 15 นาทีจากนี้,set_alarm
มีการตั้งนาฬิกาปลุกใดไว้?,show_alarms
ตั้งนาฬิกาปลุกสำหรับทุกๆ 10 นาที,set_alarm
ตั้งนาฬิกาปลุกสำหรับ 30 นาทีจากนี้,set_alarm
ตั้งนาฬิกาปลุกสำหรับ 80 นาทีจากนี้,set_alarm
ยกเลิกนาฬิกาปลุกสำหรับพรุ่งนี้เช้า,cancel_alarm
แสดงนาฬิกาปลุกทั้งหมด,show_alarms
ฉันมีนาฬิกาปลุกอะไรบ้างสำหรับคืนนี้?,show_alarms
ยกเลิกนาฬิกาปลุกทั้งหมดสำหรับวันนี้,cancel_alarm
เปิดนาฬิกาปลุก,set_alarm
ยกเลิกนาฬิกาปลุก,cancel_alarm
นาฬิกาปลุกชุดแรกของฉันตั้งไว้กี่โมง?,show_alarms
เลื่อนนาฬิกาปลุกฉัน,snooze_alarm
ตั้งนาฬิกาปลุกเช้าตี 2 วันนี้,set_alarm
ฉันมีนาฬิกาปลุกกี่เครื่อง,show_alarms
กรุณาแสดงนาฬิกาปลุกทั้งหมด,show_alarms
ตั้งนาฬิกาปลุกสำหรับ 5 นาที,set_alarm
ตั้งนาฬิกาปลุกสำหรับ 10 โมงพรุ่งนี้เช้า,set_alarm
ปิดนาฬิกาปลุกทั้งหมด,cancel_alarm
เริ่มนาฬิกาปลุก,set_alarm
ตั้งนาฬิกาปลุกฉันเช้าตี 5 วันพฤหัสบดี,set_alarm
ตั้งนาฬิกาปลุกสำหรับภายหลังวันนี้,set_alarm
ตั้งนาฬิกาปลุกสำหรับ 8 โมงพรุ่งนี้เช้า,set_alarm
ตั้งนาฬิกาปลุกใหม่,cancel_alarm
นาฬิกาปลุกฉันตั้งไว้กี่โมง?,show_alarms
ตั้งนาฬิกาปลุกฉันใหม่สำหรับสัปดาห์หน้า,cancel_alarm
ยกเลิกนาฬิกาปลุกทั้งหมด,cancel_alarm
ยกเลิกนาฬิกาปลุกทั้งหมด,cancel_alarm
ตั้งนาฬิกาปลุกสำหรับบ่ายโมงพรุ่งนี้,set_alarm
ตั้งนาฬิกาปลุกสำหรับ 1 ชั่วโมง,set_alarm
เอานาฬิกาปลุกทั้งหมดให้ฉัน,show_alarms
มีเวลาเหลือเท่าไหร่กว่าจะถึงนาฬิกาปลุกจะดัง?,time_left_on_alarm
มีเวลาเหลือเท่าไหร่กว่านาฬิกาปลุกไปนอนจะดัง?,time_left_on_alarm
ยกเลิกนาฬิกาปลุกทั้งสอง,cancel_alarm
ตั้งนาฬิกาปลุกสำหรับ 1 ชั่วโมงจากนี้,set_alarm
คุณสามารถแสดงนาฬิกาปลุกให้ฉันได้หรือไม่?,show_alarms
ตั้งนาฬิกาปลุกสำหรับ 10 โมงเช้า,set_alarm
ยกเลิกนาฬิกาปลุกทั้งหมดวันพรุ่งนี้,cancel_alarm
เลื่อนนาฬิกาปลุกของฉันเป็นเวลาห้านาที,snooze_alarm
ตั้งนาฬิกาปลุกวันอาทิตย์เป็นเวลา 5 นาที,set_alarm
ตั้งนาฬิกาปลุกสำหรับตี 5:01,set_alarm
ยกเลิกการตั้งค่าการปลุกนาฬิกาปลุกของฉัน,cancel_alarm
ตั้งนาฬิกาปลุกสำหรับบ่าย,set_alarm
บอกฉันเมื่อไหร่มีการตั้งนาฬิกาปลุกทั้งหมด?,show_alarms
ฉันจะตั้งนาฬิกาปลุกกี่โมง?,show_alarms
ปลุกฉันตอน 7 โมง,set_alarm
ตั้งนาฬิกาปลุกสำหรับ 6 โมงเย็น,set_alarm
ลบนาฬิกาปลุกตอนบ่าย 4 โมง,cancel_alarm
ตั้งนาฬิกาปลุกใหม่สำหรับคืนนี้ 5 โมงเย็น,set_alarm
เหลือเวลาอีกเท่าไหร่บนนาฬิกาปลุก,time_left_on_alarm
ลบนาฬิกาปลุกสำหรับ20นาที,cancel_alarm
ปิดนาฬิกาปลุกได้มั้ย,cancel_alarm
ลบนาฬิกาปลุกสำหรับ5โมงเย็น,cancel_alarm
ตั้งนาฬิกาปลุกทุกๆ 4 ชั่วโมง,set_alarm
ตั้งนาฬิกาปลุกสำหรับทุกๆ10นาที,set_alarm
ตั้งนาฬิกาปลุกตอน10โมงเช้า,set_alarm
ตั้งนาฬิกาปลุกทุกๆ15นาทีสำหรับหนึ่งชั่วโมง,set_alarm
นาฬิกาปลุกที่ตั้งไว้สำหรับพรุ่งนี้กี่โมง,show_alarms
ฉันตั้งนาฬิกาปลุกไว้กี่อัน,show_alarms
ลบนาฬิกาปลุกที่ตั้งไว้สำหรับ7โมงเช้า,cancel_alarm
โปรดปิดเสียงชั่วคราวนาฬิกาปลุก,snooze_alarm
ตั้งนาฬิกาปลุกสำหรับตี5พรุ่งนี้,set_alarm
เปลี่ยนาฬิกาปลุกเป็นตี5สำหรับพรุ่งนี้,modify_alarm
ตั้งนาฬิกาปลุก สำหรับ 5:45 น. ในวันพรุ่งนี้,set_alarm
ปิดนาฬิกาปลุกสำหรับ4ทุ่มคืนนี้,cancel_alarm
ตั้งนาฬิกาปลุก20นาทีก่อน5,set_alarm
ลบนาฬิกาปลุกทั้งหมดของฉัน,cancel_alarm
แสดงนาฬิกาปลุกทุกให้ฉันดู,show_alarms
เปิดนาฬิกาปลุกของฉัน,set_alarm
ยกเลิกนาฬิกาปลุกอันที่แล้ว,cancel_alarm
ตั้งนาฬิกาปลุกสำหรับตี5,set_alarm
ตั้งนาฬิกาปลุกสำหรับ6โมงเช้า,set_alarm
ตั้งนาฬิกาปลุกสำหรับ8โมงเช้าวันอาทิตย์,set_alarm
ตั้งปลุกทุกๆ 5 นาทีเป็นเวลา 15 นาที,set_alarm
ให้นาฬิกาปลุกอีก15นาที,set_alarm
เปลี่ยนนาฬิกาปลุกเป็น8โมงเช้าพรุ่งนี้,modify_alarm
ฉันต้องการรู้ฉันตั้งนาฬิกาปลุกอะไรไว้,show_alarms
คุณจะตั้งนาฬิกาปลุกสำหรับ7โมงเช้าได้มั้ย,set_alarm
ยกเลิกนาฬิกาปลุกสำหรับ8โมงเช้า,cancel_alarm
ยกเลิกนาฬิกาปลุกของฉัน,cancel_alarm
ยกเลิกนาฬิกาปลุก,cancel_alarm
ตั้งนาฬิกาปลุกสำหรับตี5คืนนี้,set_alarm
ตั้งนาฬิกาปลุกประจำวันตอน 1ทุ่ม,set_alarm
ยกเลิกนาฬิกาปลุก,cancel_alarm
ยกเลิกนาฬิกาปลุกของฉันสำหรับพรุ่งนี้ตอนเช้า,cancel_alarm
ตั้งนาฬิกาปลุกสำหรับ6โมงเช้าวันอังคาร,set_alarm
ตั้งนาฬิกาปลุกสำหรับ35นาที,set_alarm
ยกเลิกนาฬิกาปลุกของฉัน,cancel_alarm
ยกเลิกนาฬิกาปลุก9โมงเช้า,cancel_alarm
ตั้งนาฬิกาปลุกสำหรับทุกๆ3ชั่วโมง,set_alarm
โปรดแสดงนาฬิกาปลุกทั้งหมดสำหรับวันนี้,show_alarms
ตั้งนาฬิกาปลุกของฉันให้ดังขึ้นทุกๆ2นาที,set_alarm
สร้างนาฬิกาปลุกสำหรับ20นาทีจากนี้,set_alarm
ตั้งนาฬิกาปลุกถึงเที่ยงคืน,set_alarm
ตั้งนาฬิกาปลุกทุกๆชั่วโมงทุกวัน,set_alarm
แสดงนาฬิกาปลุกสองอันแรกของฉัน,show_alarms
แสดงนาฬิกาปลุกสำหรับวันอังคาร,show_alarms
ตั้งนาฬิกาปลุก สำหรับ6 นาฬิกา,set_alarm
ปิดเสียงชั่วคราวนาฬิกาปลุกซัก 10 นาที,snooze_alarm
ฉันต้องการตั้งนาฬิกาปลุก,set_alarm
ตั้งนาฬิกาปลุกสำหรับ หนึ่งทุ่มคืนนี้,set_alarm
ยกเลิกนาฬิกาปลุกสำหรับ หนึ่งทุ่มคืนนี้,cancel_alarm
ได้โปรดแสดงนาฬิกาปลุกทั้งหมด,show_alarms
ตั้งนาฬิกาปลุกสำหรับวันพรุ่งนี้,set_alarm
ตั้งนาฬิกาปลุกสำหรับ 10 โมงเช้าในวันพรุ่งนี้,set_alarm
ตั้งนาฬิกาปลุก 6โมง เช้าวันพรุ่งนี้,set_alarm
ยกเลิกนาฬิกาปลุกสำหรับวันศุกร์,cancel_alarm
ตั้งนาฬิกาปลุก 8:30 น. เพื่อนำอาหารออก,set_alarm
ฉันตั้งนาฬิกาปลุกไว้กี่อันสำหรับสัปดาห์นี้?,show_alarms
ฉันมีเวลาเหลืออีกนานเท่าไหร่บนนาฬิกาปลุก,time_left_on_alarm
ตั้งนาฬิกาปลุก,set_alarm
โปรดแสดงนาฬิกาปลุกทั้งหมด,show_alarms
ลบนาฬิกาปลุกที่ยันทึกไว้,cancel_alarm
ฉันมีเวลาเหลืออีกนานเท่าไหรก่อนที่นาฬิกาปลุกจะดังขึ้น,time_left_on_alarm
เหลือเวลาอีกเท่าไหร่บนนาฬิกาปลุก,time_left_on_alarm
นาฬิกาปลุกอันถัดไปตั้งไว้สำหรับกี่โมง,show_alarms
ยกเลิกนาฬิกาปลุกที่เชื่อมต่อกับการแจ้งเตือนของยา,cancel_alarm
ปิดเสียงนาฬิกาปลุกชั่วคราวสำหรับ15นาที,snooze_alarm
ตั้งนาฬิกาปลุกสำหรับ7โมงเช้าพรุ่งนี้,set_alarm
ปิดนาฬิกาปลุก,cancel_alarm
ตั้งนาฬิหาปลุกสำหรับตี3พรุ่งนี้,set_alarm
นาฬิกาปลุก 1 นาที,set_alarm
ยกเลิกนาฬิกาปลุกทั้งหมด,cancel_alarm
ตั้งนาฬิกาปลุกไว้กี่โมงพรุ่งนี้,show_alarms
ตั้งนาฬิกาปลุกวันอาทิตย์เวลา 8.00 น,set_alarm
ลบการเตือนภัยทั้งหมด,cancel_alarm
ตั้งนาฬิกาปลุกมื้อเย็นสำหรับ1ชั่วโมง,set_alarm
ตั้งนาฬิกาปลุกสำหรับบ่ายสามโมง,set_alarm
เหลือเวลาอีกเท่าไหร่บนนาฬิกาปลุก,time_left_on_alarm
ตั้งนาฬิกาปลุกในคืนวันศุกร์,set_alarm
ยกเลิกนาฬิกาปลุกสำหรับวันพฤหัสบดี,cancel_alarm
ลบนาฬิกาปลุกของฉัน,cancel_alarm
ฉันตั้งนาฬิกาปลุกหรือไม่?,show_alarms
ปิดนาฬิกาปลุก,cancel_alarm
ตั้งนาฬิกาปลุกประมาณ 6 โมงเย็นในวันพรุ่งนี้,set_alarm
ตั้งนาฬิกาปลุกในเวลา 6 นาที,set_alarm
ปิดเสียงนาฬิกาปลุกของฉัน,cancel_alarm
ตั้งนาฬิกาปลุกประมาณ 5 โมงเย็น,set_alarm
ได้โปรดตั้งนาฬิกาปลุกสำหรับ8โมงเช้าพรุ่งนี้,set_alarm
ยกเลิกนาฬิกาปลุก,cancel_alarm
ตั้งนาฬิกาปลุกเป็นเวลาหนึ่งชั่วโมง,set_alarm
ตั้งนาฬิกาปลุกเป็นเวลา 6:25 น,set_alarm
ตั้งนาฬิกาปลุกสำหรับสองทุ่มคืนนี้,set_alarm
ตั้งนาฬิกาปลุกสำหรับวันที่23,set_alarm
คุณสามารถตั้งนาฬิกาปลุกให้ฉันสำหรับ 4:30 น. ในวันพรุ่งนี้ได้มั้ย?,set_alarm
ตั้งนาฬิกาปลุก 6 โมงเช้า,set_alarm
ตั้งนาฬิกาปลุกสำหรับวันพรุ่งนี้เวลา 11.00 น,set_alarm
ตั้งนาฬิกาปลุกทุกๆ 30 วินาที,set_alarm
ตั้งนาฬิกาปลุกสำหรับ ตี5,set_alarm
ยกเลิกนาฬิกาปลุกเวลา 5:45 น,cancel_alarm
ตั้งนาฬิกาปลุกสำหรับ7โมงเช้า,set_alarm
ตั้งนาฬิกาปลุก 2:30 น,set_alarm
ปิดนาฬิกาปลุก,cancel_alarm
ตั้งนาฬิกาปลุกเป็นเวลา 10 นาที,set_alarm
เปิดนาฬิกาปลุก 4:30,set_alarm
ตั้งนาฬิกาปลุกเป็นเวลา 43 นาทีจากนี้,set_alarm
ปิดนาฬิกาปลุกทั้งหมดของฉันในวันนี้,cancel_alarm
ตั้งนาฬิกาปลุกครั้งต่อไปกี่โมง,show_alarms
ตั้งนาฬิกาปลุกเป็นเวลา 6 โมงเช้า,set_alarm
ลบนาฬิกาปลุกล่าสุด,cancel_alarm
ตั้งนาฬิกาปลุกสำหรับ6โมงเช้าพรุ่งนี้,set_alarm
ยกเลิกนาฬิกาปลุกนี้,cancel_alarm
นาฬิกาปลุกทุกนาทีเป็นเวลา 30 นาที,set_alarm
นาฬิกาปลุกทุก 30 นาทีต่อไปอีก 4 ชั่วโมง,set_alarm
ปลุกฉันใหม่ใน 4 ชั่วโมง,set_alarm
ฉันตั้งนาฬิกาปลุกไว้กี่อัน,show_alarms
ตั้งนาฬิกาปลุกนาฬิกาปลุกสำหรับสัปดาห์หน้าวันเสาร์เวลา 5 โมงเช้า,set_alarm
ตั้งนาฬิกาปลุกนาฬิกาปลุกอะไรไว้,show_alarms
ตั้งนาฬิกาปลุกนาฬิกาปลุกทุกๆ 25 นาที,set_alarm
ตั้งนาฬิกาปลุกสำหรับ6โมง30นาทีสำหรับวันธรรมดา,set_alarm
แสดงนาฬิกาปลุก,show_alarms
หยุดนาฬิกาปลุก,cancel_alarm
ตั้งนาฬิกาปลุกสำหรับตี5,set_alarm
ยกเลิกนาฬิกาปลุกของฉันตอนตี5,cancel_alarm
นาฬิกาปลุกวันจันทร์ 6 โมงเย็น,set_alarm
เวลาเหลืออีกเท่าไหร่บนนาฬิกาปลุก,time_left_on_alarm
รีเซ็ตนาฬิกาปลุก,cancel_alarm
หยุดนาฬิกาปลุก,cancel_alarm
ยกเลิกนาฬิกาปลุกทั้งหมดจนถึงวันศุกร์,cancel_alarm
ตั้งนาฬิกาปลุกสั่นนาฬิกาปลุกเป็นเวลา 4 โมงเช้า ,set_alarm
ลบนาฬิกาปลุกเป็นเวลา 8.00 น,cancel_alarm
นาฬิกาปลุกตั้งสำหรับ7โมงเช้า,set_alarm
นาฬิกาปลุกเป็นเวลา 6:00 น.,set_alarm
ยกเลิกนาฬิกาสองอันแรก,cancel_alarm
นาฬิกาปลุก 5 โมงเย็นนี้,set_alarm
ตั้งนาฬิกาปลุกสำหรับ 5 โมงเย็น,set_alarm
ตั้งนาฬิกาปลุกทุกๆ 25 นาที,set_alarm
ปิดนาฬิกาปลุก,cancel_alarm
ยกเลิกนาฬิกาปลุกทั้งหมด,cancel_alarm
ยกเลิกนาฬิกาปลุกตอนเช้า,cancel_alarm
ตั้งนาฬิกาปลุกค่านาฬิกาปลุก 5 ครั้งในช่วงเวลา 5 นาที,set_alarm
ตั้งนาฬิกาปลุกไว้ 4 ชั่วโมง,set_alarm
ฉันต้องการนาฬิกาปลุกตั้งไว้ 35 นาที,set_alarm
ตั้งนาฬิกาปลุกพรุ่งนี้เช้าตอนตี 4:30 แล้วก็ตอนตี 5:30,set_alarm
แสดงนาฬิกาปลุกพรุ่งนี้ทั้งหมดของฉันให้ฉันดูหน่อย,show_alarms
ฉันเหลือเวลาในนาฬิกาปลุกแค่ไหน,time_left_on_alarm
ตั้งนาฬิกาปลุกวันจันทร์เช้าตอนตี 3,set_alarm
นาฬิกาปลุก 4 โมงเย็นคืนนี้,set_alarm
ตั้งนาฬิกาปลุกสำหรับตี5,set_alarm
สร้างนาฬิกาปลุก,set_alarm
ลบนาฬิกาปลุกทั้งหมด,cancel_alarm
เลื่อนนาฬิกาปลุก 6 โมงเช้า,snooze_alarm
ตั้งนาฬิกาปลุกพรุ่งนี้เช้าตอนตี 4,set_alarm
แสดงนาฬิกาปลุกทั้งหมดที่ฉันตั้งไว้อาทิตย์หน้าให้ดูหน่อย,show_alarms
ยกเลิกนาฬิกาปลุกทั้งหมด,cancel_alarm
ยกเลิกนาฬิกาปลุกทั้งหมดของฉันวันนี้,cancel_alarm
ยกเลิกนาฬิกาปลุก,cancel_alarm
ฉันต้องการนาฬิกาตั้งปลุกไว้ 45 นาทีจากนี้,set_alarm
ตั้งนาฬิกาปลุกนาฬิกาปลุก 8 เช้าวันพรุ่งนี้,set_alarm
ตั้งนาฬิกาปลุกนาฬิกาปลุก 6:30 น. วันจันทร์,set_alarm
แสดงนาฬิกาปลุกของฉันที่ตั้งไว้อาทิตย์หน้า,show_alarms
แสดงนาฬิกาปลุกของฉัน,show_alarms
ตั้งนาฬิกาปลุก 2 ทุ่ม,set_alarm
ตั้งนาฬิกาปลุกนาฬิกาปลุกตั้งนาฬิกาปลุกแต่ 20:30 น.,set_alarm
ตั้งนาฬิกาปลุกในโทรศัพท์ฉัน 1 ทุ่ม,set_alarm
ตั้งนาฬิกาปลุก ตี4:30 ทุกวันธรรมดา,set_alarm
กรุณาแสดงนาฬิกาปลุกทั้งหมด,show_alarms
นาฬิกาปลุกครั้งต่อไปเมื่อไร?,show_alarms
ตั้งนาฬิกาปลุกเพื่อพบแพทย์พรุ่งนี้บ่าย 2 โมง,set_alarm
เลื่อนปลุก,snooze_alarm
เปิดนาฬิกาปลุกฉันวันอาทิตย์,set_alarm
ยกเลิกนาฬิกาปลุกเช้าวันจันทร์ของฉัน,cancel_alarm
ตั้งนาฬิกาปลุก 6 โมงเย็น,set_alarm
แสดงนาฬิกาปลุกของพรุ่งนี้,show_alarms
ลบนาฬิกาปลุกของฉันสำหรับสัปดาห์หน้า,cancel_alarm
ตั้งนาฬิกาปลุก 6 โมงเย็นวันนี้,set_alarm
กรุณายกเลิกนาฬิกาปลุกทั้งหมด,cancel_alarm
ตั้งนาฬิกาปลุกอันใหม่,set_alarm
อย่าตั้งนาฬิกาปลุกซ้ำ,cancel_alarm
ตั้งนาฬิกาปลุก 6 โมงเช้า,set_alarm
ตั้งนาฬิกาปลุกพรุ่งนี้ 6 โมงเช้า,set_alarm
ยกเลิกนาฬิกาปลุกทั้งหมด,cancel_alarm
ตั้งนาฬิกาปลุกทุกๆนาทีสำหรับ 15 นาที,set_alarm
ปิดนาฬิกาปลุกทั้งหมด,cancel_alarm
โปรดแสดงสัญญาณเตือนทั้งหมด,show_alarms
ลบการเตือนครั้งสุดท้ายของฉัน,cancel_alarm
ตั้งนาฬิกาปลุกบ่าย 3 โมงวันนี้,set_alarm
แสดงนาฬิกาปลุกทั้งหมดของฉัน,show_alarms
ทำให้นาฬิกาปลุกหยุด,cancel_alarm
ฉันมีนาฬิกาปลุกอะไรบ้างที่ตั้ง?,show_alarms
นาฬิกาปลุกฉันตั้งได้ไว้กี่โมง,show_alarms
ยกเลิกนาฬิกาปลุกทั้งหมดของฉัน,cancel_alarm
ฉันต้องการนาฬิกาปลุก 10 นาทีจากนี้,set_alarm
ตั้งนาฬิกาปลุกทุกๆนาทีสำหรับ 5 นาที,set_alarm
ตั้งนาฬิกาปลุกทุกๆ 5 นาทีเป็นเวลา 15 นาที,set_alarm
เริ่มต้นนาฬิกาปลุกทั้งหมด,set_alarm
ตั้งนาฬิกาปลุกวันอังคารตอนตี 4.30 นาที ,set_alarm
ตั้งนาฬิกาปลุกทุกๆ 5 นาที,set_alarm
เปิดนาฬิกาปลุกทั้งหมดวันนี้,set_alarm
ตั้งนาฬิกาปลุก 7 โมงเช้า,set_alarm
แสดงนาฬิกาปลุกที่ฉันได้ตั้งไว้,show_alarms
ได้โปรดตั้งนาฬิกาปลุกของฉันตอน 6.30 น.,set_alarm
ตั้งนาฬิกาปลุกสำหรับตี 1,set_alarm
ตั้งนาฬิกาปลุกตอนเช้า 8:17,set_alarm
ลบนาฬิกาปลุกที่ใช้งานอยู่ทั้งหมด,cancel_alarm
ตั้งนาฬิกาปลุกสำหรับ 5โมง45,set_alarm
ตั้งนาฬิกาปลุกทุกๆ2 นาทีสำหับ20นาทีถัดไป,set_alarm
เหลือเวลาอีกเท่าไหร่ก่อนนาฬิกาปลุกจะดังขึ้น,time_left_on_alarm
ตั้งนาฬิกาปลุกทุกๆ 5 นาที,set_alarm
ตั้งนาฬิกาปลุกสำหรับเที่ยงคืน,set_alarm
ตั้งนาฬิกาปลุกสำหรับ10นาที,set_alarm
หยุดนาฬิกาปลุกชั่วคราว,snooze_alarm
ตั้งนาฬิกาปลุกทุกๆ 2 ชั่วโมงพรุ่งนี้,set_alarm
ตั้งนาฬิกาปลุกทุกๆ30นาที,set_alarm
ยกเลิกนาฬิกาปลุกทั้งหมด,cancel_alarm
ยกเลิกนาฬิกาปลุกทั้งหมด,cancel_alarm
ตั้งนาฬิกาปลุกใหม่สำหรับบ่ายโมงวันอังคาร,set_alarm
เลื่อนนาฬิกาปลุก,snooze_alarm
ตั้งนาฬิกาปลุกสำหรับตี 5 วันจันทร์ถึงวันศุกร์,set_alarm
ตั้งนาฬิกาปลุก 10 นาทีจากนี้,set_alarm
ฉันต้องการนาฬิกาปลุกสำหรับ6โมงเช้า,set_alarm
ตั้งนาฬิกาสำหรับพรุ่งนี้ตอนเช้า,set_alarm
ลบนาฬิกาปลุกทั้งหมด,cancel_alarm
ฉันตั้งนาฬิกาปลุกกินยาไว้กี่โมง,show_alarms
ยกเลิกนาฬิกาปลุกทั้งหมด,cancel_alarm
ไม่ต้องการนาฬิกาปลุกวันนี้,cancel_alarm
ยกเลิกเลื่อนนาฬิกาปลุกทั้งหมดของฉัน,cancel_alarm
ตั้งนาฬิกาปลุก 1 ทุ่มคืนนี้,set_alarm
ฉันต้องตั้งนาฬิกาปลุกอะไรสำหรับพรุ่งนี้,show_alarms
ตั้งนาฬิกาปลุก 30 นาทีจากนี้,set_alarm
ลบนาฬิกาปลุกทั้งหมดสำหรับวันจันทร์,cancel_alarm
เลื่อนนาฬิกาปลุก15นาที,snooze_alarm
ลบนาฬิกาปลุกทั้งหมด,cancel_alarm
แสดงนาฬิกาปลุกทั้งหมด,show_alarms
เลื่อนนาฬิกาปลุกไป 10 นาที,snooze_alarm
ฉันตั้งนาฬิกาปลุกรึยัง,show_alarms
ยกเลิกนาฬิกาปลุกซ้ำทั้งหมด,cancel_alarm
ตั้งนาฬิกาปลุกฉันสำหรับตอนตี 3 วันจันทร์,set_alarm
ได้โปรดแสดงนาฬิกาปลุกทั้งหมดสำหรับวันศุกร์,show_alarms
นาฬิกาปลุกปิดแล้ว,cancel_alarm
ปิดนาฬิกาปลุกของฉัน,cancel_alarm
ตั้งนาฬิกาปลุกสำหรับ8โมงเช้าวันพฤหัสบดี,set_alarm
ตั้งนาฬิกาปลุกใหม่,set_alarm
ตั้งนาฬิกาปลุกสำหรับ9โมงเช้าพรุ่งนี้,set_alarm
แสดงนาฬิกาปลุกทั้งหมด,show_alarms
สร้างนาฬิกาปลุกสำหรับ 4ทุ่ม,set_alarm
เวลากี่โมงที่นาฬิกาปลุกอันถัดไปตั้งไว้,show_alarms
ยกเลิกนาฬิกาปลุกของวันจันทร์ถัดไป,cancel_alarm
ตั้งนาฬิกาปลุกสำหรับ6โมงเย็นวันพุธ,set_alarm
เลื่อนปลุกนาฬิกาปลุกของฉัน,snooze_alarm
ยกเลิกนาฬิกาปลุก,cancel_alarm
ตั้งนาฬิกาปลุกสำหรับบ่าย3โมงเย็น,set_alarm
ตั้งนาฬิกาปลุกสำหรับตี5ทุกวันธรรมดา,set_alarm
ยกเลิกนาฬิกาปลุก,cancel_alarm
เพิ่มนาฬิกาปลุกสำหรับตี5,set_alarm
ตั้งนาฬิกาปลุกสำหรับ6โมงเช้า,set_alarm
ตั้งนาฬิกาปลุกสำหรับพรุ่งนี้ตอนตี4,set_alarm
ตั้งนาฬิกาปลุกสำหรับ5โมงเย็นคืนนี้,set_alarm
ตั้งนาฬิกาปลุกทุกๆนาทีสำหรับนาที,set_alarm
ได้โปรดตั้งนาฬิกาปลุกสำหรับสองทุ่ม คืนนี้,cancel_alarm
ยกเลิกนาฬิกาปลุกทั้งหมด,cancel_alarm
ปิดเสียงชั่วคราวนาฬิกาปลุกสำหรับ5นาที,snooze_alarm
ปิดนาฬิกาปลุก,cancel_alarm
ยกเลิกนาฬิกาปลุกของฉันสำหรับ ตี5.15 วันอังคาร,cancel_alarm
ตั้งนาฬิกาปลุกสำหรับ9โมงเช้าพรุ่งนี้,set_alarm
ยกเลิกนาฬิกาอันนั้นสำหรับ วันเกิดคริสตี้,cancel_alarm
ให้ฉันนาฬิกาปลุกทุกๆ30วินาที,set_alarm
ตั้งนาฬิกาปลุกทุกๆ5นาที,set_alarm
ตั้งนาฬิกาปลุกสำหรับ6โมงเช้า,set_alarm
ตั้งนาฬิกาปลุกสำหรับตี4ได้โปรด,set_alarm
ตั้งนาฬิกาปลุกทุกๆ 5 นาที สำหรับ30นาทีถัดไป,set_alarm
ยกเลิกนาฬิกาปลุกสำหรับวันพรุ่งนี้,cancel_alarm
ตั้งนาฬิกาปลุกสำหรับ2ชั่วโมง,set_alarm
แสดงนาฬิกาปลุกตอนเช้า,show_alarms
ตั้งนาฬิกาปลุกสำหรับตี3,set_alarm
ตั้งนาฬิกาปลุกทุกๆ15นาที,set_alarm
เพิ่มนาฬิกาปลุกงาน,set_alarm
ปิดเสียงเตือนชั่วคราวนาฬิกาปลุกทุกอันสำหรับ10นาที,snooze_alarm
ยกเลิกนาฬิกาปลุกที่มีอยู่ทั้งหมด,cancel_alarm
ตั้งนาฬิกาปลุกสำหรับ6โมงเย็นคืนวันอังคาร,set_alarm
แสดงนาฬิกาปลุกสำหรับวันอังคาร,show_alarms
ยกเลิกนาฬิกาปลุกทั้งหมด,cancel_alarm
ปิดการปลุกชั่วคราวสำหรับ3นาที,snooze_alarm
ยกเลิกนาฬิกาปลุก,cancel_alarm
ตั้งนาฬิกาปลุกทุกๆ19นาทีจนกว่าฉันปิดมัน,set_alarm
เหลือเวลาอีกนานเท่าไหรจนกว่าจะถึงนาฬิกาปลุก,time_left_on_alarm
ตั้งปลุกต่อไป,set_alarm
ตั้งนาฬิกาปลุกสำหรับตอนตี1,set_alarm
ตั้งนาฬิกาปลุก ตี 5พรุ่งนี้,set_alarm
ยกเลิกนาฬิกาปลุกสำหรับพรุ่งนี้,cancel_alarm
นาฬิกาปลุกอะไรที่ตั้งไว้,show_alarms
ยกเลิกนาฬิกาปลุกตอน 7.00 น. ในวันพรุ่งนี้,cancel_alarm
ตั้งนาฬิกาปลุกทุกๆ 3 นาที,set_alarm
อัพเดตนาฬิกาปลุก,modify_alarm
ตั้งนาฬิกาปลุกสำหรับ6โมงเย็นพรุ่งนี้,set_alarm
ตั้งนาฬิกาปลุกสำหรับ6โมงเย็น,set_alarm
ตั้งนาฬิกาปลุกทุกๆชั่วโมง,set_alarm
ตั้งนาฬิกาปลุกสำหรับบ่าย3โมงเย็นวันนี้,set_alarm
ตั้งนาฬิกาปลุกสำหรับสองทุ่มคืนนี้,set_alarm
ยกเลิกนาฬิกาปลุกทั้งหมดในวันนี้,cancel_alarm
ตั้งนาฬิกาปลุกสำหรับ4ชั่วโมง,set_alarm
ยกเลิกนาฬิกาปลุกของฉัน,cancel_alarm
อีกนานเท่าไหร่กว่าจะถึงนาฬิกาปลุกอันถัดไป,time_left_on_alarm
ตั้งนาฬิกาปลุกอันใหม่,set_alarm
ตั้งนาฬิกาปลุกสำหรับ8โมงเช้า,set_alarm
เหลือเวลาอีกเท่าไหร่จนกว่านาฬิกาปลุกจะดังขึ้น,time_left_on_alarm
ตั้งนาฬิกาปลุกสำหรับ8โมงเช้า,set_alarm
ตั้งนาฬิกาปลุกสำหรับตี5,set_alarm
ตั้งนาฬิกาปลุกสำหรับ7โมงเช้าพรุ่งนี้,set_alarm
ตั้งนาฬิกาปลุกสำหรับวันอาทิตย์เวลา 11:00 โมงเช้า,set_alarm
ตั้งนาฬิกาปลุกสำหรับ 4 โมงเย็น,set_alarm
ฉันมีนาฬิกาปลุก ตอนตี5 โมงถึงวันจันทร์ถึงวันศุกร์มั้ย?,show_alarms
ปิดนาฬิกาปลุกทั้งหมด,cancel_alarm
ตั้งนาฬิกาปลุกสำหรับวันอังคาร 9โมงเช้า,set_alarm
ตั้งนาฬิกาปลุกสำหรับ15นาที,set_alarm
ตั้งนาฬิกาปลุกนาฬิกาปลุก 7 นาทีใน 28 นาทีถัดไป,set_alarm
ฉันตั้งนาฬิกาปลุกนาฬิกาปลุกอะไรไว้บ้าง,show_alarms
เปิดนาฬิกาปลุกที่ใช้งานอยู่,show_alarms
ปิดนาฬิกาปลุกทั้งหมด,cancel_alarm
ตั้งนาฬิกาปลุกนาฬิกาปลุกประมาณ 6 โมงเช้า,set_alarm
เปิดนาฬิกาปลุก,set_alarm
เมื่อไหร่นาฬิกาปลุกจะดังขึ้นสำหรับจับเวลา,show_alarms
เปิดนาฬิกาปลุกของวันนี้,set_alarm
ตั้งนาฬิกาปลุกนาฬิกาปลุกอะไรไว้บ้าง,show_alarms
ยกเลิกนาฬิกาปลุกทั้งหมดสำหรับอาทิตย์หน้า,cancel_alarm
ตั้งนาฬิกาปลุกนาฬิกาปลุกตอนตีสี่,set_alarm
ยกเลิกนาฬิกาปลุกทั้งหมด,cancel_alarm
ตั้งนาฬิกาปลุกนาฬิกาปลุกสำหรับ 1ชั่วโมง,set_alarm
กรุณายกเลิกนาฬิกาปลุก,cancel_alarm
เหลือเวลาในนาฬิกาปลุกอีกเท่าไหร่,time_left_on_alarm
ยกเลิกนาฬิกาปลุกทั้งหมด,cancel_alarm
ตั้งนาฬิกาปลุกนาฬิกาปลุกทุกๆ30วินาที สำหรับ20นาที,set_alarm
ไม่ต้องตั้งนาฬิกาปลุกนาฬิกาปลุกในวันพรุ่งนี้,cancel_alarm
ยกเลิกนาฬิกาปลุกนี้,cancel_alarm
ตั้งนาฬิกาปลุกนาฬิกาปลุกสำหรับตอน7โมงเช้าพรุ่งนี้,set_alarm
ลบนาฬิกาปลุกทั้งหมดของฉัน,cancel_alarm
ยกเลิกนาฬิกาปลุกทั้งหมด,cancel_alarm
ปิดนาฬิกาปลุก,cancel_alarm
ยกเลิกนาฬิกาปลุกทั้งหมด,cancel_alarm
นาฬิกาปลุกครั้งต่อไปเมื่อไหร่,show_alarms
เลื่อนนาฬิกาปลุก,snooze_alarm
ยกเลิกนาฬิกาปลุก,cancel_alarm
ฉันต้องตื่นตอน 7 โมงเช้า ตั้งนาฬิกาปลุกนาฬิกาปลุก,set_alarm
ปิดนาฬิกาปลุกครั้งต่อไปของฉัน,cancel_alarm
เปิดนาฬิกาปลุกครั้งที่แล้,set_alarm
ปิดนาฬิกาปลุกในวันอาทิตย์,cancel_alarm
เปลี่ยนวันของนาฬิกาปลุกเช้า,modify_alarm
ลบนาฬิกาปลุกทั้งหมด,cancel_alarm
ยกเลิกนาฬิกาปลุกเมื่อวันเสาร์,cancel_alarm
แสดงนาฬิกาปลุกทั้งหมดของฉัน,show_alarms
หยุดนาฬิกาปลุก,cancel_alarm
เหลือเวลาในนาฬิกาปลุกอีกเท่าไหร่,time_left_on_alarm
ลบนาฬิกาปลุก,cancel_alarm
ฉันเหลือเวลาในนาฬิกาปลุกอีกเท่าไหร่ที่ตั้งนาฬิกาปลุกไว้,time_left_on_alarm
ยกเลิกนาฬิกาปลุกวันอาทิตย์,cancel_alarm
เวลาที่เหลือในนาฬิกาปลุกของฉัน,time_left_on_alarm
หยุดนาฬิกาปลุก,cancel_alarm
ช่วยยกเลิกนาฬิกาปลุกทั้งหมดได้หรือไม่?,cancel_alarm
เริ่มปลุกเวลาหกโมงเย็น,set_alarm
ลบนาฬิกาปลุก 3 นาฬิกาของฉัน,cancel_alarm
เปลี่ยนนาฬิกาปลุกของฉันเป็น 6:00 น,modify_alarm
ปิดการเตือน,cancel_alarm
ปิดเสียงปลุก,cancel_alarm
ยกเลิกนาฬิกาปลุกครั้งล่าสุด,cancel_alarm
นาฬิกาปลุกทุกชั่วโมงเป็นเวลา 24 ชั่วโมง,set_alarm
ลบนาฬิกาปลุกทั้งหมด,cancel_alarm
ยกเลิกนาฬิกาปลุกทั้งหมด,cancel_alarm
เลื่อนนาฬิกาปลุก,snooze_alarm
ลบนาฬิกาปลุกทั้งหมด,cancel_alarm
ลบนาฬิกาปลุก 8 นาฬิกา,cancel_alarm
อีกนานแค่ไหนนาฬิกาปลุกจะดัง,time_left_on_alarm
ลบนาฬิกาปลุกทั้งหมดในวันอาทิตย์,cancel_alarm
เลื่อนนาฬิกาปลุก,snooze_alarm
ปิดนาฬิกาปลุกของฉัน,cancel_alarm
ยกเลิกนาฬิกาปลุกของฉันทั้งหมด,cancel_alarm
โปรดเลื่อนไปอีก 10 นาที,snooze_alarm
โปรดปิดนาฬิกาปลุกของฉัน,cancel_alarm
ยกเลิกนาฬิกาปลุกในวันพรุ่งนี้,cancel_alarm
ปิดนาฬิกาปลุก,cancel_alarm
ยกเลิกนาฬิกาปลุกในวันพรุ่งนี้เวลา 12.00 น,cancel_alarm
ลบนาฬิกาปลุกทั้งหมดของฉัน,cancel_alarm
ยกเลิกนาฬิกาปลุก 5 นาฬิกา,cancel_alarm
ลบนาฬิกาปลุกทั้งหมดของฉัน,cancel_alarm
ปิดนาฬิกาปลุกในวันพรุ่งนี้,cancel_alarm
ลบนาฬิกาปลุกของฉัน,cancel_alarm
เปลี่ยนนาฬิกาปลุก,modify_alarm
เหลือเวลาอีกเท่าไหร่ในนาฬิกาปลุก,time_left_on_alarm
ปิดนาฬิกาปลุกทั้งหมดสำหรับวันพรุ่งนี้,cancel_alarm
แสดงนาฬิกาปลุกทั้งหมดของฉัน,show_alarms
ลบนาฬิกาปลุก,cancel_alarm
ตั้งนาฬิกาปลุกค่าการเลื่อนปลุกเป็นเวลา 7 นาที,snooze_alarm
ปิดเสียงปลุกครั้งต่อไปของฉัน,cancel_alarm
ปิดนาฬิกาปลุกของฉัน,cancel_alarm
ให้ยกเลิกนาฬิกาปลุกตอนเช้าทั้งหมด,cancel_alarm
แสดงนาฬิกาปลุกทั้งหมด,show_alarms
นาฬิกาปลุกของฉัน,set_alarm
เตือนฉันให้ไปพบกับ Toni 9 โมงเช้าในวันพรุ่งนี้,set_reminder
เตือนฉันให้ออกไปทำงานในอีก 30 นาที,set_reminder
ตั้งการเตือนความจำใหม่เพื่อโทรติดต่อแพทย์เร็วๆนี้,set_reminder
ตั้งการเตือนความจำให้ซื้อยาสีฟัน,set_reminder
ตั้งการเตือนความจำเพื่อตรวจสอบที่จอดรถ,set_reminder
เตือนฉันให้ปิดเตาเวลา 6 โมงเย็น,set_reminder
เตือนฉันให้ซื้อขนมปังที่ร้านค้าในวันพรุ่งนี้,set_reminder
ตั้งการเตือนความจำสำหรับวันหยุดสุดสัปดาห์นี้เพื่อซื้อสมุดวางแผน,set_reminder
เตือนฉันให้หยุดแวะที่ร้านขายของชำระหว่างเดินทางกลับบ้าน,set_reminder
เตือนฉันให้ไปรับดอกกุหลาบ,set_reminder
เตือนฉันให้ซื้อขนมปังหลังเลิกงาน,set_reminder
เตือนฉันให้ซื้ออาหารค่ำคืนนี้,set_reminder
เตือนฉันให้ซื้ออาหารสุนัขในวันพรุ่งนี้,set_reminder
แสดงการเตือนความจำทั้งหมดของฉัน,show_reminders
ตั้งเตือนความจำใหม่สำหรับการประชุมทางธุรกิจเวลาบ่าย 2 โมง,set_reminder
เตือนฉันให้ถอนเงินค่าธรรมเนียมการเลี้ยงสุนัข,set_reminder
เตือนฉันให้โทรหาอีริน,set_reminder
เตือนฉันให้ซื้อกระดาษชำระวันนี้,set_reminder
ฉันต้องการให้คุณตั้งเตือนความจำสำหรับ 6 โมงเย็น,set_reminder
ฉันจำเป็นต้องรู้เกี่ยวกับการเตือนความจำทั้งหมดของฉันสำหรับพรุ่งนี้เช้า,show_reminders
แสดงการเตือนความจำของฉัน,show_reminders
เตือนให้ฉันตั้งนาฬิกาปลุก 6 โมงเช้า,set_reminder
"ยกเลิกการเตือนความจำของฉัน, ฉันได้ทำอย่างนั้นแล้ว",cancel_reminder
เตือนฉันให้กินอาหารกลางวัน,set_reminder
แสดงการเตือนความจำวันนี้ของฉัน,show_reminders
ฉันจำเป็นต้องได้รับการเตือนให้ซื้อหนังสือเรียนในวันศุกร์เวลาเที่ยง,set_reminder
เตือนให้ฉันไปรับยาของแม่,set_reminder
คุณช่วยเตือนฉันตารางการฝึกเด็กผู้หญิงได้ไหม?,set_reminder
เตือนฉันให้เอาขยะออกคืนนี้,set_reminder
เตือนฉันให้แวะไปเอาอาหารแมวคืนนี้,set_reminder
เตือนฉันให้อวยพรวันเกิดเรเชลพรุ่งนี้,set_reminder
เตือนให้ฉันไปรับลูกที่เวลา 5 โมงเย็น,set_reminder
เตือนฉันให้อาหารแมวตอน7โมงเช้า,set_reminder
การเตือนความจำของฉันคืออะไร?,show_reminders
ตั้งเตือนความจำให้นำถังขยะออกเมื่อกลับถึงบ้าน,set_reminder
เตือนฉันให้ซื้อขนมปัง,set_reminder
ปิดเตือนความจำทั้งหมดสำหรับวันนี้,cancel_reminder
โปรดยกเลิกเตือนความจำทั้งหมด,cancel_reminder
ตั้งเตือนความจำซื้ออุปกรณ์การเรียน,set_reminder
ตั้งเตือนความจำให้ล้างสีผมออก,set_reminder
เตือนฉันว่าฉันต้องการน้ำมันงาเพิ่ม,set_reminder
เตือนให้ฉันไปหาหมอฟันในวันจันทร์ถัดไป,set_reminder
เตือนฉันเกี่ยวกับวันเกิดของแม่,show_reminders
ลบการเตือนความจำทั้งหมดสำหรับวันอาทิตย์,cancel_reminder
เตือนฉันให้หยุดทานอาหารเย็น,set_reminder
เตือนฉันให้เปลี่ยนเสื้อผ้าที่ซักผ้าภายในครึ่งชั่วโมง,set_reminder
เตือนฉันให้ไปหาหมอพรุ่งนี้,set_reminder
ล้างเตือนความจำทั้งหมด,cancel_reminder
ให้เตือนความจำฉันใหม่,set_reminder
ยกเลิกเตือนความจำทั้งหมด,cancel_reminder
ยกเลิกเตือนความจำทั้งหมด,cancel_reminder
เตือนฉันไปจ่ายตลาดวันจันทร์ตอน 3 โมงเย็น,set_reminder
เตือนให้ฉันไปซื้ออาหารสุนัขวันที่ 1 ของแต่ละเดือน,set_reminder
แสดงเฉพาะเตือนความจำสำหรับวันนี้,show_reminders
เตือนฉันหนึ่งวันก่อนวันเกิดของ alekss,set_reminder
เตือนฉันทุกๆ 5 นาที,set_reminder
เตือนฉันให้ซื้อของชำ,set_reminder
เตือนฉันให้ซื้อไข่จากร้านขายของชำเวลา 6 โมงเย็น,set_reminder
ยกเลิกเตือนความจำพบแพทย์ตอน บ่าย2 ในวันพฤหัสบดี,cancel_reminder
เตือนฉันให้นัดตัดผมแม่วันอังคาร,set_reminder
เตือนฉันให้โทรไปที่ร้านทำเล็บวันพรุ่งนี้,set_reminder
เตือนฉันให้โทรหาแม่,set_reminder
เตือนฉันพรุ่งนี้โทรหา แอนเดรีย,set_reminder
แสดงเตือนความจำทั้งหมดที่ใช้งานอยู่,show_reminders
ยกเลิกเตือนความจำของฉัน,cancel_reminder
เตือนฉันให้ส่งพัสดุไปให้เธอ,set_reminder
ตั้งเตือนความจำให้ไปที่ร้านค้าตอน 8 โมงเช้า,set_reminder
แสดงเตือนความจำทั้งหมดของฉันสำหรับวันนี้,show_reminders
เตือนฉันให้พาสุนัขไปหาสัตว์แพทย์เมื่อเวลาบ่าย 3 โมง,set_reminder
เพิ่มการเตือนความจำ,set_reminder
ยกเลิกการเตือนความจำเพื่อซื้อนม,cancel_reminder
เตือนฉันให้ทำ sofrito เพิ่ม,set_reminder
แสดงให้ฉันเห็นเตือนความจำของฉัน,show_reminders
เตือนฉันให้ทำชาเย็น,set_reminder
เตือนฉันให้ล็อกประตูหน้าบ้านทุกคืน,set_reminder
ตั้งเตือนความจำให้โทรหา Lance เวลา 6 โมงเย็น,set_reminder
ปิดตั้งเตือนความจำ,cancel_reminder
เตือนฉันให้ซื้อดอกไม้สำหรับวันเกิดของครู Andrew,set_reminder
โปรดเตือนฉันตอนเช้าวันศุกร์เพื่อเติมใบสั่งยาของฉัน,set_reminder
เตือนฉันให้จ่ายค่าไฟของฉัน,set_reminder
โปรดเปิดการเตือนความจำของฉัน,show_reminders
เตือนฉันเพื่อหาว่าธัญพืชประเภทใดที่เด็กต้องการจากร้านค้า,set_reminder
เตือนให้ฉันไปรับเด็กหลังเลิกเรียน,set_reminder
แสดงเตือนความจำสำหรับฉัน,show_reminders
แสดงเตือนความจำทั้งหมด,show_reminders
เตือนฉันให้เอาไก่ออกละลายพรุ่งนี้เช้า,set_reminder
ตั้งเตือนความจำเพื่อไปยังร้านซักแห้ง,set_reminder
ยกเลิกเตือนความจำโทรหามิลลี่,cancel_reminder
เตือนฉันให้อาบน้ำสุนัข,set_reminder
เตือนฉันให้กินยาของฉันคืนนี้ตอน 6โมงเย็น,set_reminder
แสดงเตือนความจำของฉันวันนี้,show_reminders
ดูการเตือนความจำ,show_reminders
เตือนฉันให้ไปรับเด็กๆ หลังเลิกเรียน,set_reminder
ยกเลิกเตือนความจำของฉันเพื่อโทรกลับหา ทิมมี่,cancel_reminder
ลบรายการเตือนความจำของฉันเมื่อปีที่แล้ว,cancel_reminder
เพิ่มการเตือนความจำเพื่ออวยพรวันเกิดให้เจนในวันพรุ่งนี้,set_reminder
ยกเลิกการเตือนความจำทั้งหมดสำหรับวันพรุ่งนี้,cancel_reminder
เตือนให้ฉันไปที่ห้างในวันพรุ่งนี้,set_reminder
เพิ่มเตือนความจำเพื่อเปลี่ยนน้ำมันของฉัน,set_reminder
ฉันมีเตือนความจำอะไรบ้างสำหรับวันพรุ่งนี้?,show_reminders
เตือนฉันให้โทรหาแม่สองทุ่มคืนนี้,set_reminder
เตือนความจำของฉันสำหรับวันนี้คืออะไร?,show_reminders
เตือนฉันให้ส่งจดหมาย,set_reminder
แสดงการเตือนความจำเมื่อสัปดาห์ที่แล้วให้ฉันดูหน่อย,show_reminders
คุณมีการเตือนความจำสำหรับฉันไหม,show_reminders
เตือนฉันให้ซื้อไข่เมื่อฉันไปที่ร้านค้าวันศุกร์,set_reminder
เตือนฉันให้ส่งอีเมลถึงพ่อ,set_reminder
ยกเลิกการเตือนความจำเพื่อซื้ออาหารสุนัข,cancel_reminder
ตั้งเตือนความจำสำหรับการนัดสัตวแพทย์ตอน 6โมงเย็น,set_reminder
ยกเลิกเตือนความจำการซ้อมฟุตบอล,cancel_reminder
แสดงการเตือนความจำในวันพรุ่งนี้,show_reminders
ลบการเตือนความจำ,cancel_reminder
โปรดยกเลิกเตือนความจำทั้งหมด,cancel_reminder
เตือนฉันให้หยุดแวะร้านขายของชำในวันอังคาร,set_reminder
ปิดการเตือนความจำทั้งหมดสำหรับวันนี้,cancel_reminder
แสดงเตือนความจำ,show_reminders
เตือนฉันให้นำวัวเข้าในคืนนี้เวลาสามทุ่ม,set_reminder
เตือนฉันให้โทรหา หมอโจนส์,set_reminder
การเตือนความจำล่าสุดของฉันคืออะไร,show_reminders
แสดงเตือนความจำของฉัน,show_reminders
ตั้งการเตือนความจำวันที่ 14 สิงหาคม,set_reminder
ลบเตือนความจำพบแพทย์ของฉันสำหรับวันพรุ่งนี้,cancel_reminder
ฉันต้องการเตือนความจำที่จะกินอาหารกลางวันพรุ่งนี้เวลา 9 โมงเช้า,set_reminder
ยกเลิกเตือนความจำของฉันสำหรับการประชุมในวันเสาร์,cancel_reminder
เตือนฉันให้นำรถไปเปลี่ยนน้ำมันเครื่อง,set_reminder
เตือนฉันให้ออนไลน์ในวันที่ 25 สิงหาคมเพื่อรับตารางเรียนของลูกสาว,set_reminder
ยกเลิกเตือนความจำ,cancel_reminder
ยกเลิกการเตือนความจำเพื่อเข้าร่วมการประชุมดังกล่าว,cancel_reminder
ตั้งเตือนความจำให้นำถังขยะออกในวันพฤหัสบดี,set_reminder
การเตือนความจำใหม่,set_reminder
ตั้งเตือนความจำเพื่อไปรับของชำเวลา 5 โมงเย็น,set_reminder
ยกเลิกเตือนความจำของฉัน,cancel_reminder
เตือนฉันให้เอานมในสิบนาที,set_reminder
แสดงการเตือนความจำในวันพรุ่งนี้ให้ฉันดูหน่อย,show_reminders
ฉันมีเตือนความจำในวันนี้หรือไม่?,show_reminders
เหลือเวลาเท่าไหร่สำหรับเตือนความจำครั้งต่อไปต่อไป?,show_reminders
เตือนฉันให้เพิ่มน้ำดื่มบรรจุขวดลงในรายการของชำ,set_reminder
แสดงเตือนความจำของฉัน,show_reminders
ยกเลิกเตือนความจำทั้งหมด,cancel_reminder
เตือนให้ฉันทำรายงานของฉันทุกๆวันจันทร์,set_reminder
"เพิ่มเตือนความจำเพื่อดู ""Power""",set_reminder
ยกเลิกการเตือนความจำของฉันเพื่อไปที่ร้านขายของชำ,cancel_reminder
เตือนให้ฉันไปรับรถจากช่างซ่อมพรุ่งนี้เวลา 4 โมงเย็น,set_reminder
อ่านข้อความการเตือนความจำทั้งหมดของฉันให้ฉันหน่อย,show_reminders
ตั้งเตือนความจำให้เช็คอินออนไลน์,set_reminder
เตือนฉันให้นำถังขยะออกคืนวันอังคาร,set_reminder
ยกเลิกเตือนความจำในวันพรุ่งนี้เพื่อตั้งค่าเครื่องบันทึกภาพ,cancel_reminder
เตือนฉันให้ปิดเตาอบภายใน 15 นาที,set_reminder
เตือนฉันให้ล็อกประตูเมื่อออกจากบ้าน,set_reminder
เตือนฉันให้ซื้อสบู่ที่ร้านค้าคืนนี้,set_reminder
คุณสามารถยกเลิกเตือนความจำทั้งหมดของฉันได้หรือไม่?,cancel_reminder
เตือนฉันให้เตือนพ่อให้ไปรับ Fin,set_reminder
เตือนฉันให้นัดหมายแพทย์ในเดือนหน้า,set_reminder
ฉันไม่จำเป็นต้องซื้อไข่จากร้านขายของชำคุณสามารถยกเลิกเตือนความจำนั้นได้,cancel_reminder
เพิ่มเตือนความจำเพื่อซื้อหัวหอม,set_reminder
แสดงเตือนความจำคืนนี้,show_reminders
เพิ่มเตือนความจำเพื่อซื้อหัวหอม,set_reminder
เตือนให้ฉันจัดตารางนัดเวลาพบแพทย์,set_reminder
เตือนฉันให้โทรหา Amy 5 โมงเย็น,set_reminder
ยกเลิกการเตือนความจำเพื่อไปรับซูซานเวลาบ่าย 4 โมงในวันนี้,cancel_reminder
เตือนฉันให้จ่ายค่าเช่าคืนนี้เวลา 5 โมงเย็น,set_reminder
เตือนฉันไปรับเด็กๆตอนบ่าย2,set_reminder
แสดงเตือนความจำปัจจุบันทั้งหมดของฉัน,show_reminders
เตือนฉันให้ตรวจสอบตารางเวลาของฉันของเดือนถัดไป,set_reminder
ยกเลิกเตือนความจำทั้งหมด,cancel_reminder
ปิดเตือนความจำทั้งหมดสำหรับสุดสัปดาห์นี้,cancel_reminder
เตือนฉันให้ซื้อของขวัญวันเกิด,set_reminder
เตือนฉันให้หยุดแวะที่ร้านค้าก่อนที่ฉันจะกลับบ้าน,set_reminder
การเตือนความจำอะไรที่ตั้งไว้,show_reminders
เตือนฉันการนัดหมายทั้งหมด,set_reminder
เตือนฉันให้โทรหาคุณแม่,set_reminder
แสดงการเตือนความจำทั้งหมดของฉันในวันนี้,show_reminders
ยกเลิกการเตือนความจำเพื่อซื้อดอกไม้ระหว่างทางกลับบ้าน,cancel_reminder
ฉันต้องการให้คุณเตือนฉันให้ซื้อพริกไทย,set_reminder
เตือนฉันให้โทรหาคุณแม่,set_reminder
ฉันต้องการให้คุณเตือนฉันให้ไปรับ Mary จากการปฏิบัติ,set_reminder
เตือนให้ฉันไปรับขนมปังและนม,set_reminder
เตือนให้ฉันโทรหา Jason,set_reminder
ลบเตือนความจำเพื่อเปลี่ยนไส้กรองอากาศ,cancel_reminder
ลบการเตือนความจำทั้งหมด,cancel_reminder
ตั้งเตือนความจำสำหรับฟุตบอลในวันเสาร์,set_reminder
เตือนฉันให้ไปรับ Fran จากสนามบินเวลาสามทุ่มคืนนี้,set_reminder
ลบการเตือนความจำเพื่อซื้อตั๋ว,cancel_reminder
ตั้งเตือนความจำให้โทรหาโรงเรียนของฉันในวันจันทร์เวลาบ่าย 4 โมง,set_reminder
ปิดเตือนความจำเพื่อไปรับเด็กหลังเลิกเรียน,cancel_reminder
ตั้งเตือนความจำให้ซื้อดอกไม้เวลาบ่าย 3 โมง,set_reminder
เพิ่มการเตือนความจำเพื่อไปรับ ava เวลา 5:30 พรุ่งนี้,set_reminder
ยกเลิกเตือนความจำเพื่อซื้อไข่,cancel_reminder
"เตือนฉันเรื่อง ""Packing for Trip"" ในวันที่ 14",set_reminder
เตือนฉันให้ซื้อรองเท้าเทนนิสในวันพรุ่งนี้,set_reminder
ลบการเตือนความจำเพื่อไปซื้อไข่,cancel_reminder
เตือนฉันให้ไปรับอุปกรณ์ของงานเลี้ยง,set_reminder
แสดงการเตือนความจำทั้งหมดของฉัน,show_reminders
แสดงการเตือนความจำของฉันในวันพรุ่งนี้,show_reminders
เตือนฉันไปซื้อครีมล้างหน้า,set_reminder
แสดงการเตือนความจำครั้งสุดท้ายของฉัน,show_reminders
มีการเตือนความจำตั้งไว้สำหรับวันนี้มั๊ย?,show_reminders
เตือนฉันให้โทรหาแม่ของฉัน,set_reminder
เตือนให้ฉันไปประชุมพนักงานเวลา 8 โมงเช้า,set_reminder
บอกฉันการเตือนความจำปัจจุบันของฉัน,show_reminders
เตือนฉันให้โทรหา Cristina ในวันอังคาร,set_reminder
เตือนฉันให้โทรหาห้องสมุด,set_reminder
แสดงการเตือนความจำทั้งหมด,show_reminders
เตือนฉันให้อาหารสุนัขในตอนเช้า,set_reminder
ตั้งค่าเตือนความจำเป็นเวลา 1 ชั่วโมง,set_reminder
เตือนฉันให้ตั้งปลุกก่อนนอน,set_reminder
เตือนความจำของฉันคืออะไร?,show_reminders
เตือนฉันให้ตรวจสอบรายการของฉันเมื่อฉันอยู่ที่ร้านขายของชำ,set_reminder
อะไรคือเตือนความจำทั้งหมดของฉัน,show_reminders
ฉันมีเตือนความจำที่ใช้งานหรือไม่?,show_reminders
ตั้งค่าเตือนความจำให้ซื้อของขวัญวันเกิดให้คุณยาย,set_reminder
โปรดเตือนฉันให้ไปที่ที่ทำการไปรษณีย์พรุ่งนี้,set_reminder
แสดงเตือนความจำของฉัน,show_reminders
ลบเตือนความจำนี้,cancel_reminder
เตือนความจำของฉันคืออะไร?,show_reminders
เตือนฉันให้จ่ายค่าเคเบิลในวันพรุ่งนี้ 12:00 น,set_reminder
เตือนฉันให้ซื้อครอกคิตตี้ใหม่ทุกๆ 2 สัปดาห์,set_reminder
ฉันจะมีเตือนความจำอะไรบ้าง,show_reminders
ลบเตือนความจำเพื่อซื้อนมอัลมอนด์,cancel_reminder
ลบเตือนความจำทั้งหมด,cancel_reminder
เตือนฉันให้ได้เช็คที่ว่างเปล่า,set_reminder
ให้ฉันเห็นเตือนความจำของฉันโปรด,show_reminders
เตือนให้ฉันโทรหาหมอฟันวันพรุ่งนี้เวลา 10.00 น,set_reminder
ตั้งค่าเตือนความจำเพื่อไปที่สโตร์,set_reminder
ลบเตือนความจำทั้งหมด,cancel_reminder
เตือนฉันให้ซื้ออุปกรณ์การเรียนในวันพุธ,set_reminder
เตือนฉันให้ซื้อเค้กคืนนี้,set_reminder
แสดงเตือนความจำครั้งสุดท้ายของฉัน,show_reminders
แสดงเตือนความจำความจำของฉันในวันพุธ,show_reminders
ช่วยฉันยกเลิกเตือนความจำความจำปาร์ตี้,cancel_reminder
ยกเลิกเตือนความจำทั้งหมดสำหรับวันนี้,cancel_reminder
เตือนฉันให้โทรหาพี่ชายของฉัน,set_reminder
เตือนฉันให้รับผ้าเช็ดตัวที่ร้านในวันพรุ่งนี้,set_reminder
เตือนฉันให้ซื้อเนื้อบดที่ร้านขายของชำ,set_reminder
แสดงเตือนความจำของฉัน,show_reminders
ทำซ้ำเตือนความจำทุกวัน,set_reminder
ยกเลิกเตือนความจำของฉันให้ส่งข้อความหาพ่อ,cancel_reminder
ยกเลิกเตือนความจำทั้งหมดสำหรับวันศุกร์,cancel_reminder
เตือนฉันให้ซื้อนมถั่วเหลือง,set_reminder
ปิดเตือนความจำทั้งหมด,cancel_reminder
เตือนฉันให้โกนขนขาของฉันในวันนี้เวลา 11.00 น,set_reminder
เตือนให้ฉันไปพบแพทย์เวลา 7โมงเช้า,set_reminder
ยกเลิกเตือนความจำให้ซื้อกระดาษชำระ,cancel_reminder
เตือนฉันว่า Food Lion มีวันคูปองคู่วันที่ 31 สิงหาคม,set_reminder
เตือนฉันให้ไปสอบในวันพฤหัสบดีถัดไป,set_reminder
ลบเตือนความจำสำหรับวันพรุ่งนี้เวลา 5 โมงเย็น,cancel_reminder
วันนี้มีเตือนความจำอะไรบ้าง,show_reminders
ยกเลิกเตือนความจำ 6:00 น,cancel_reminder
ยกเลิกเตือนความจำของฉัน,cancel_reminder
เตือนให้ฉันไปหาชุดสำหรับงานแต่งงานในวันศุกร์,set_reminder
โปรดแสดงเตือนความจำความจำทั้งหมด,show_reminders
ตั้งเตือนความจำให้ซื้อขนมปังในวันพรุ่งนี้,set_reminder
แสดงเตือนความจำ,show_reminders
ฉันมีเตือนความจำกี่อันที่ตั้งไว้,show_reminders
เตือนฉันให้ยื่นภาษี,set_reminder
โปรดสร้างเตือนความจำสำหรับการประชุมของฉันในวันศุกร์,set_reminder
แสดงเตือนความจำของฉัน,show_reminders
เตือนความจำสำหรับวันพรุ่งนี้คืออะไร?,show_reminders
ลบเตือนความจำ,cancel_reminder
ยกเลิกเตือนความจำครั้งล่าสุด,cancel_reminder
เตือนฉันให้รับใบสั่งยา,set_reminder
ตั้งเตือนความจำเพื่อทำความสะอาดห้องครัว,set_reminder
สิ้นสุดเตือนความจำโปรดลบ,cancel_reminder
เตือนฉันให้เอาเสื้อผ้าใส่เครื่องอบแห้ง,set_reminder
เตือนฉันให้พาหมาไปเดินในตอนเช้า,set_reminder
เตือนฉันให้ไปเอาดอกกุหลาบ,set_reminder
เตือนฉันให้กินยาทุก 12 ชั่วโมงนับจากนี้,set_reminder
ปิดเตือนความจำ,cancel_reminder
ยกเลิกเตือนความจำ,cancel_reminder
ลบเตือนความจำ,cancel_reminder
ตั้งค่าเตือนความจำสำหรับกลุ่มการเล่นในวันอังคาร,set_reminder
ยกเลิกเตือนความจำที่จะสั่งพิซซ่า,cancel_reminder
เตือนฉันให้ไปร้านขายของชำพรุ่งนี้,set_reminder
แสดงเตือนความจำสำหรับวันเสาร์,show_reminders
แสดงรายการเตือนความจำ,show_reminders
แสดงเตือนความจำของฉัน,show_reminders
เตือนฉันให้ส่งการบ้านของฉันตอนเที่ยงวันพฤหัสบดี,set_reminder
เตือนฉันให้ดูขนาดรองเท้าของ Finn และสั่งรองเท้าใหม่ให้เขา,set_reminder
เตือนให้ฉันเอาถังขยะคืนนี้ก่อนนอน,set_reminder
ยกเลิกเตือนความจำทั้งหมด,cancel_reminder
ตั้งเตือนความจำให้ไปที่คลีนเนอร์ในวันพรุ่งนี้,set_reminder
เตือนฉันให้ส่งซองจดหมายลงในที่ทำการไปรษณีย์,set_reminder
ตั้งเตือนความจำโทรหาแม่วันนี้,set_reminder
แสดงเตือนความจำทั้งหมดสำหรับวันอังคาร,show_reminders
เตือนฉันให้ซื้อของขวัญสำหรับวันแม่,set_reminder
แสดงเตือนความจำของฉันสำหรับเดือนตุลาคม,show_reminders
เตือนฉันให้โทรหาคุณยาย,set_reminder
ลบเตือนความจำล่าสุดของฉัน,cancel_reminder
ยกเลิกเตือนความจำให้นัดหมอเพื่อพรุ่งนี้,cancel_reminder
เตือนให้ฉันไปร้านซักแห้งก่อนที่พวกเขาปิด,set_reminder
เตือนฉันให้ซื้อผ้าอ้อมกันระหว่างทางกลับบ้าน,set_reminder
เตือนฉันให้ซื้อขนมปัง,set_reminder
เตือนฉันถึงวันเกิดของเพื่อน 8 พฤษภาคม,set_reminder
โชว์ฉันรายการเตือนความจำ,show_reminders
ฉันมีเตือนความจำกี่อันวันนี้,show_reminders
เตือนให้ฉันไปร้านซักแห้งในวันศุกร์เวลา 9.00 น,set_reminder
เตือนให้ฉันซื้ออาหารสุนัขคืนนี้,set_reminder
แสดงเตือนความจำของฉัน,show_reminders
แสดงเตือนความจำทั้งหมดของฉัน,show_reminders
มีเตือนความจำสำหรับฉันไหม,show_reminders
เตือนฉันให้ปิดเตาอบ,set_reminder
ฉันมีเตือนความจำในวันพรุ่งนี้มั้ย?,show_reminders
ลบเตือนความจำเพื่อซื้อของชำ,cancel_reminder
เตือนฉันใหเอาต้นไม้ไปให้แม่ที่บ้านของแม่,set_reminder
เตือนฉันให้ทำรายการของชำคืนนี้,set_reminder
ตั้งค่าเตือนความจำแพทย์สายตาเป็นวันที่ 25,set_reminder
เตือนฉันให้หยุดที่ร้านระหว่างทางกลับบ้านคืนนี้,set_reminder
เตือนฉันให้โทรหาพ่อในวันเกิดของเขา,set_reminder
เตือนความจำของฉันมีอะไรบ้าง,show_reminders
ตั้งเตือนความจำ,set_reminder
แสดงเตือนความจำความจำสำหรับวันพฤหัสบดี,show_reminders
เตือนความจำความจำของฉันเสร็จสิ้นแล้วโปรดลบทิ้ง,cancel_reminder
อ่านเตือนความจำทั้งหมด,show_reminders
ตั้งค่าเตือนความจำเพื่อรับเด็กจากชั้นเรียนเต้นรำ,set_reminder
เตือนฉันให้กินแคลเซียมในเวลา 22.00 น,set_reminder
เตือนฉันให้โทรหา สเตฟานี่ คืนนี้,set_reminder
เตือนให้ฉันแวะที่บ้านพ่อแม่พรุ่งนี้เวลา 9.00 น.,set_reminder
เตือนให้ฉันไปหาหมอ9โมงเช้าในวันพรุ่งนี้,set_reminder
เตือนฉันให้ตั้งนาฬิกาปลุกตอนสองทุ่ม,set_reminder
ตั้งเตือนความจำนัดแพทย์ทุกวันพุธ,set_reminder
เตือนให้ฉันซื้อของขรัญวันเกิดให้ชานนอล,set_reminder
เตือนฉันให้ทำความสะอาดห้องของฉันคืนนี้,set_reminder
ยกเลิกเตือนความจำ,cancel_reminder
ลบเตือนความจำของฉันเพื่อชำระคืนบัตรเครดิตในคืนนี้,cancel_reminder
โปรดเตือนฉันซื้อนมหลังเลิกงาน,set_reminder
ลบเตือนความจำ,cancel_reminder
คุณสามารถแสดงเตือนความจำของฉันได้หรือไม่?,show_reminders
เตือนฉันให้ไปรับอาชลี่ย์ตอนบ่าย3โมง,set_reminder
เตือนฉันให้ไปรับเจอราดจากสนามบิน,set_reminder
เตือนฉันให้ไปนัดประชุมผู้ปกครองในตอนเช้า,set_reminder
ลบเตือนความจำทั้งหมด,cancel_reminder
แสดงเตือนความจำทั้งหมด,show_reminders
เตือนฉันให้คุยกับเบนเกี่ยวกับจอร์เจีย,set_reminder
เตือนฉันประชุมตอน7โมงเช้า,show_reminders
โปรดแสดงเตือนความจำของฉัน,show_reminders
ฉันมีเตือนความจำอะไรบ้างวันนี้,show_reminders
ตั้งเตือนความจำให้ตัดหญ้าในตอนเช้า,set_reminder
เตือนฉันแวะรับใบสั่งยาในวันพรุ่งนี้,set_reminder
ลบเตือนความจำเพื่ออาบน้ำสุนัขวันนี้,cancel_reminder
เตือนฉันให้นัดหมอ,set_reminder
ฉันตั้งเตือนความจำอะไรไว้,show_reminders
ยกเลิกเตือนความจำครั้งล่าสุดของฉัน,cancel_reminder
เตือนฉันให้อัดวอลกิ้งเดต,set_reminder
ตั้งค่าเตือนความจำให้ล้างรถของฉันในวันนี้,set_reminder
ตั้งเตือนความจำสำหรับงานเลี้ยงวันเกิดของจาน่า,set_reminder
เตือนฉันให้โทรหา Lucy เวลา 6 โมงเย็น,set_reminder
แสดงเตือนความจำทั้งหมดสำหรับสัปดาห์นี้,show_reminders
เตือนฉันให้ไปที่ร้านตอนฉันถึงบ้าน,set_reminder
ตั้งเตือนความจำสำหรับ10โมงเช้า,set_reminder
เตือนฉันทำข้อสอบให้เสร็จ,set_reminder
เตือนฉันให้ตั้งปลุกคืนนี้,set_reminder
เตือนให้ฉันไปที่ทำการไปรษณีย์พรุ่งนี้เช้าก่อนทำงาน,set_reminder
ยกเลิกเตือนความจำให้ซื้ออาหารสุนัข,cancel_reminder
เตือนฉันให้ซื้อชีสที่ร้านขายของชำในวันอาทิตย์,set_reminder
ยกเลิกเตือนความจำทั้งหมดสำหรับวันนี้,cancel_reminder
เตือนให้ผมพารถไปเปลี่ยนน้ำมันเครื่องในวันพฤหัสบดี,set_reminder
ยกเลิกเตือนความจำของฉันเพื่อไปที่สโตร์,cancel_reminder
ยกเลิกเตือนความจำเพื่อไปรับซูซาน เช้าวันจันทร์,cancel_reminder
เตือนฉันให้แวะห้องสมุด,set_reminder
เตือนให้ฉันไปซื้อน้ำแข็งหลังเลิกงาน,set_reminder
ยกเลิกเตือนความจำของฉันสำหรับมื้อเที่ยงวันพุธ,cancel_reminder
เตือนให้ฉันซื้อใข่คืนนี้,set_reminder
เตือนฉันใส่ยาแก้หมัดให้แมวคืนนี้,set_reminder
เตือนฉันให้โทรหา Z ภายในหนึ่งชั่วโมง,set_reminder
เตือนฉันให้อ่านหนังสือตอนสองทุ่ม,set_reminder
เตือนให้ฉันไปรับซักรีดที่ร้านซักแห้ง,set_reminder
เตือนฉันให้เขียนกาวเพิ่มลงไปในลิสภายใน 30 นาที,set_reminder
เตือนฉันให้ไปร้านค้าคืนนี้,set_reminder
ดูเตือนความจำทั้งหมด,show_reminders
แสดงเตือนความจำทั้งหมดสำหรับวันนี้และพรุ่งนี้,show_reminders
เตือนฉันให้ซื้อไข่ในวันพรุ่งนี้,set_reminder
ยกเลิกเตือนความจำสำหรับวันพฤหัสบดี,cancel_reminder
เตือนฉันว่ามีประชุมวันพุธที่ 7 โมงเย็น,set_reminder
เตือนฉันให้ชำระค่าโทรศัพท์,set_reminder
ตั้งเตือนความจำเพื่อเตรียมพร้อมสำหรับเปิดอู่ขาย,set_reminder
เตือนฉันให้ตั้งเครื่องบันทึกภาพเวลา 22.00 น.,set_reminder
ตั้งเตือนความจำเพื่ออ่านหนังสือ,set_reminder
เตือนฉันให้ Skype กับ Mike พรุ่งนี้,set_reminder
ตั้งเตือนความจำให้โทรหาหมอวันนี้,set_reminder
เตือนฉันให้อาบน้ำ 6 โมงเย็นคืนนี้,set_reminder
สร้างเตือนความจำให้ซื้ออาหารแมวคืนนี้,set_reminder
ยกเลิกเตือนความจำเพื่อไปที่ร้านที่เวลา 1:00 น,cancel_reminder
เตือนฉันให้ซื้อน้ำในวันพรุ่งนี้,set_reminder
เตือนฉันไห้ไปเอาน้ำผลไม้,set_reminder
ยกเลิกเตือนความจำทั้งหมด,cancel_reminder
แสดงเตือนความจำทั้งหมดของฉันสำหรับสัปดาห์นี้,show_reminders
เตือนฉันให้ไปรับขนมขบเคี้ยวงานเลี้ยงพรุ่งนี้ตอนบ่าย2,set_reminder
แสดงเตือนความจำทุกวัน,show_reminders
"ฉันต้องซื้อขนมปังที่ร้านขายของชำ,ตั้งเตือนความจำเป็นเวลา 5 ชั่วโมงจากนี้",set_reminder
ฉันต้องตั้งค่าเตือนความจำหรือวันอังคาร,set_reminder
แสดงเตือนความจำทั้งหมด,show_reminders
ฉันมีเตือนความจำที่จะมาถึงหรือไม่?,show_reminders
เตือนฉันให้ตอบจดหมายงานคืนนี้,set_reminder
เตือนฉันให้หยุดและรับพิซซ่า,set_reminder
เตือนฉันในอีกสองสัปดาห์เพื่อพาลูกสาวไปฝึก,set_reminder
เตือนความจำของฉันสำหรับเช้านี้คืออะไร?,show_reminders
เตือนฉันให้พิมพ์งานของฉันตอน4โมงเย็น,set_reminder
เตือนฉันให้ซื้อขนมปัง,set_reminder
เตือนฉันให้ซื้อไข่ที่ร้านขายของชำคืนนี้,set_reminder
เตือนฉันให้จ่ายค่าเล่าเรียน,set_reminder
เตือนฉันให้ซื้ออาหารสุนัข,set_reminder
เตือนฉันซื้อนม,set_reminder
คุณมีเตือนความจำให้ฉันไหมในวันนี้,show_reminders
เตือนฉันให้ทิ้งตารางเวลา,set_reminder
ยกเลิกเตือนความจำทั้งหมดของฉัน,cancel_reminder
เตือนฉันให้นำถังขยะออกพรุ่งนี้ที่ตอน8โมง,set_reminder
ยกเลิกเตือนความจำทั้งหมด,cancel_reminder
เตือนฉันให้ไปที่ร้านค้าในวันพรุ่งนี้,set_reminder
เตือนฉันให้โทรหา Dan,set_reminder
ตั้งค่าเตือนความจำแพทย์สายตาเป็นวันที่ 25,set_reminder
เตือนฉันให้โทรหาแม่คืนนี้,set_reminder
แสดงเตือนความจำทั้งหมด,show_reminders
ยกเลิกเตือนความจำทั้งหมด,cancel_reminder
มีรายการอะไรบ้างในเตือนความจำ,show_reminders
เตือนฉันให้ไปที่ร้านขายกระดานโต้คลื่นในวันนี้,set_reminder
ยกเลิกเตือนความจำเรื่องค่าไฟฟ้า,cancel_reminder
ดูเตือนความจำทั้งหมด,show_reminders
เตือนฉันให้พาสุนัขไปหาสัตว์แพทย์ต่อไปในเช้าวันพุธ,set_reminder
เตื่อนฉันเกี่ยวกับงานปาตี้ในสุดสัปดาห์นี้,set_reminder
แสดงเตือนความจำของฉันในวันนี้,show_reminders
เตือนฉันให้พาสุนัขไปเดินเวลา 6:30 น.,set_reminder
เตือนความจำของฉันคืออะไร?,show_reminders
ลบเตือนความจำทั้งหมด,cancel_reminder
เตือนฉันว่าให้ทำกายภาพในวันจันทร์เวลา 7.00 น.,set_reminder
ยกเลิกเตือนความจำเพื่อไปที่เดอะมอลล์ในวันเสาร์นี้,cancel_reminder
แสดงเตือนความจำของฉัน,show_reminders
เตือนฉันให้ใช้การควบคุมการเกิดของฉันเวลา 19.00 น.,set_reminder
ฉันต้องการเตือนความจำให้รับ Lisa,set_reminder
เตือนให้ฉันไปหาดรในวันพรุ่งนี้เวลา 3 โมงเย็น,set_reminder
เตือนฉันให้ส่งดอกไม้สำหรับวันเกิดของแม่,set_reminder
เตือนฉันให้ตั้งปลุก,set_reminder
เตือนฉันให้ซื้อผ้าอ้อมเด็ก,set_reminder
เตือนฉันถึงนัดหมายเวลา 15.00 น,set_reminder
คุณช่วยจดรายเตือนความจำความจำของฉันได้ไหม?,show_reminders
ตั้งค่าเตือนความจำให้โทรหาแม่ที่พรุ่งนี้,set_reminder
มีพายุโซนร้อนอยู่บริเวณชายฝั่งหรือไม่?,find
ฝนตกในสัปดาห์นี้หรือไม่,find
ฝนตกในซีแอตเติลไหม?,find
วันนี้ฝนจะตกไหม,find
ช่วงบ่ายนี้จะร้อนแค่ไหน?,find
วันนี้จะมีแดดไหม?,find
วันนี้มีแดดไหม,find
เวลาพายุกำลังจะเริ่ม?,find
ควรจะมีฝนตกทั้งวันหรือไม่?,find
ในพยากรณ์อากาศมีฝนตกสำหรับสัปดาห์หน้าหรือไม่?,find
ตอนเย็นในซานดิเอโกจะหนาวหรือไม่?,find
คาดว่าจะมีพายุคืนนี้หรือไม่?,find
สภาพอากาศใน Elkton วันนี้เวลา 5 โมงเย็นคืออะไร?,find
ฉันต้องการเสื้อกันฝนไหม,find
ในพยากรณ์อากาศจะมีหิมะตกในสุดสัปดาห์นี้หรือไม่?,find
สภาพอากาศในฝรั่งเศสเป็นอย่างไร,find
คืนนี้จะหนาวแค่ไหน?,find
หิมะจะตกในสัปดาห์นี้หรือไม่?,find
ฉันต้องการพกร่มหรือไม่?,find
ตอนนี้อุณหภูมิเท่าไหร่,find
สภาพอากาศของวันนี้เป็นอย่างไร?,find
ฉันคาดหวังให้ท้องฟ้าสดใสคืนนี้ได้ไหม,find
สภาพอากาศในวอชิงตันดีซีในสัปดาห์หน้าจะเป็นอย่างไร?,find
ความชื้นเป็นอย่างไรบ้าง,find
มีปัญหาหมอกที่ต้องกังวลเกี่ยวกับเช้านี้หรือไม่?,find
เราจะเจอหิมะกี่นิ้ว,find
ฉันต้องการพกร่มไหม,find
ฉันควรจะนำเสื้อกันลมของฉันไปด้วยหรือไม่?,find
วันนี้สภาพอากาศเป็นอย่างไร?,find
วันนี้จะร้อนแค่ไหน?,find
ฝนจะตกอีกครั้งไหมในบ่ายวันนี้,find
ฝนจะตกไหมวันนี้?,find
สภาพอากาศในพอร์ตแลนด์สัปดาห์นี้เป็นอย่างไรบ้าง?,find
อุณหภูมิปัจจุบันใน Martinsville?,find
จะร้อนแค่ไหนในวันพฤหัสบดีที่ Ft.lauderdale,find
ฉันควรจะต้องสวมแว่นกันแดดหรือไม่?,find
นานแค่ไหนที่ฝนตก?,find
สภาพอากาศในวันนี้มีเป็นอย่างไร?,find
อุณหภูมิปัจจุบันในสกอตแลนด์คืออะไร?,find
การคาดเดาที่ทะเลสำหรับวันพรุ่งนี้,find
ถนนปกคลุมด้วยน้ำแข็งไหม,find
พยากรณ์อากาศ 10 วัน,find
จะมีฝนตกในแอชแลนด์วันพรุ่งนี้หรือไม่?,find
สภาพอากาศในฟลอริด้าวันนี้เป็นอย่างไร,find
แคดดออกมั้ยวันอาทิตย์?,find
ฉันต้องการเสื้อกันฝนวันนี้หรือไม่?,find
คืนนี้ฝนจะตกไหม?,find
พรุ่งนี้จะมีแดดออกมั้ย,find
สภาพอากาศในวันนี้เป็นอย่างไร?,find
ฉันควรจะคลุมพืชของฉันสำหรับน้ำค้างแข็งไหม?,find
สภาพอากาศในลอนดอนคืออะไร?,find
ควรพกร่มมาด้วยหรือไม่?,find
อากาศในเขตสีส้ม,find
อากาศดูเป็นอย่างไรในวันคริสต์มาส,find
มีพายุฝนฟ้าคะนองในสัปดาห์นี้หรือไม่?,find
วันนี้จะมีแดดออกมั้ย?,find
แสดงพยากรณ์อากาศ 10 วัน,find
อากาศเป็นอย่างไรในซีแอเทิล,find
มีเมฆมากหรือมีแดดพรุ่งนี้,find
พยากรณ์อากาศสำหรับชิคาโก้วันนี้,find
ฉันควรจะนำครีมกันแดดของฉันหรือไม่?,find
อุณหภูมิในแนชวิลล์เทนเนสซี,find
หิมะมันกำลังจะตก?,find
ข้างนอกลมแรงมั้ย,find
ดัชนีความร้อนสัปดาห์นี้คืออะไร?,find
ฝนจะตกมั้ย?,find
พรุ่งนี้ในออสตินฝนจะตกไหม?,find
ฉันควรจะนำเสื้อคลุมของฉันวันนี้ไหม?,find
ฉันควรจะพกร่มตอนบ่ายนี้หรือไม่?,find
สภาพอากาศใน อามาริลโล ตอนนี้เป็นอย่างไร,find
วันนี้ฉันควรใส่เสื้อแขนยาวไหม,find
พรุ่งนี้จะมีลมแรงไหม,find
พรุ่งนี้อุณหภูมิคืออะไร,find
ดัชนีความร้อนวันนี้คืออะไร?,find
อุณหภูมิคืออะไรตอน9โมงเช้า?,find
สภาพอากาศจะมีเมฆในสัปดาห์นี้หรือไม่?,find
คืนนี้จะเย็นมั้ย?,find
อุณหภูมิเท่าไหร่,find
ฉันจะต้องพกร่มในวันเสาร์ในเดย์ตันไหม,find
ฉันต้องการเสื้อกันฝนเช้านี้มั้ย?,find
ฉันควรสวมแว่นตากันแดดในวันพรุ่งนี้หรือไม่?,find
ความชื้นวันนี้เป็นอย่างไรบ้าง?,find
วันพรุ่งนี้อุณหภูมิจะเป็นอย่างไร?,find
ลมแรงมากแค่ไหนพรุ่งนี้?,find
อากาศใน Tucson วันนี้เป็นอย่างไรบ้าง,find
วันนี้จะร้อนแค่ไหน?,find
พยากรณ์อากาศโดยเฉลี่ยสำหรับเดือนกันยายนเป็นยังไง,find
วันนี้จะมีแดดไหม,find
ร้อนแค่ไหนวันนี้?,find
ฝนตกเมื่อไหร่จะหยุด,find
สภาพอากาศในเท็กซัสเป็นอย่างไรบ้างตอนนี้,find
ตอนนี้อุณหภูมิอยู่ที่เท่าไร,find
ฉันสามารถคาดหวังฝนบางวันได้หรือไม่?,find
ฉันควรจะคาดว่าฝนจะตกมั้ยวันนี้,find
"อากาศสำหรับ Bryan, Texas วันนี้",find
จะมีหิมะตกมั้ยในสัปดาห์นี้,find
วันนี้จะร้อนแค่ไหน?,find
วันหยุดสุดสัปดาห์จะมีหิมะตกไหม,find
อุณหภูมิจะเฉลี่ยในวันนี้คืออะไร?,find
มีพายุเฮอริเคนที่มุ่งหน้าไปทางฟลอริด้าในขณะนี้หรือไม่,find
ฝนตกมากไหม?,find
พยากรณ์อากาศในช่วงสุดสัปดาห์นี้คืออะไร?,find
อากาศในฮาวายในเดือนเมษายนเป็นยังไง,find
วันนี้จะหนาวแค่ไหน,find
วันนี้ร้อนแค่ไหน,find
ปริมาณน้ำฝนเท่าไหร่ที่คาดว่าจะอยู่ใน Bantam,find
มีพยากรณ์อากาศสำหรับพายุเฮอริเคนบ้างไหม,find
มีลมแรงในเนวาดาหรือไม่?,find
ฉันจะต้องมีเสื้อแจ็คแก็ตมั้ยในแคนาดา?,find
วันนี้ฝนจะตกกี่โมงใน SF,find
อุณหภูมิจะเป็นอย่างไรเวลา 5 โมงเย็น,find
คืนนี้จะหนาวแค่ไหน,find
สภาพอากาศจะเป็นอย่างไรที่ ONTARIO ในสัปดาห์หน้า?,find
อากาศเป็นยังไงวันเสาร์ถัดไป,find
จะมีน้ำค้างแข็งในตอนเช้าหรือไม่?,find
หิมะจะตกเยอะไหมที่ Milwaukee ?,find
อากาศจะเป็นอย่างไรสุดสัปดาห์นี้,find
วันหยุดสุดสัปดาห์นี้จะมีหิมะตกไหม,find
อุณหภูมิตอนนี้คืออะไร?,find
มันเย็นมากสำหรับเสื้อคลุมไหม?,find
ควรใส่แจ็คเก็ตไหมวันนี้,find
ฉันจะต้องมีร่มมั้ยในวันพรุ่งนี้ที่ซีแอตเทิล?,find
คาดว่าจะมีหิมะตกมั้ยในวันอังคาร,find
พรุ่งนี้จะมีแดดไหม,find
ฝนจะตกมั้ยวันเสาร์นี้,find
ตอนนี้ฝนตกที่ Disney World แล้วหรือยัง,find
มีโอกาสเกิดฝนตกหรือไม่?,find
พยากรณ์อากาศว่ายังไงสำหรับวันพรุ่งนี้,find
ฝนตกในสัปดาห์หน้าหรือไม่?,find
วันนี้จะอับชื้นมั้ย,find
ฉันต้องการเสื้อคลุมไหมวันนี้,find
อีกกี่อาทิตย์จนกว่าอากาศจะเย็นลง,find
ฉันควรเปิดเสื้อผ้าฤดูหนาวออกเมื่อไร,find
พยากรณ์อากาศ 10 วันถัดไปคืออะไร?,find
คุณภาพอากาศจะเป็นอย่างไรตอน 7 โมงเช้า,find
วันเสาร์ฝนตกหรือไม่?,find
ฉันจะต้องการเสื้อกันหนาวไหมวันนี้?,find
ฉันควรสวมหมวกไหมวันนี้,find
มันจะยังคงมีหิมะตกอยู่มั้ยในสัปดาห์นี้?,find
วันนี้อุณหภูมิจะเป็นอย่างไร?,find
ฉันควรจะพกร่มไปด้วยมั้ย?,find
ฉันควรจะเอาร่มไปด้วยไหมคืนนี้?,find
ในวันนี้ฉันควรสวมเสื้อกันฝนไหม,find
คืนนี้จะมีหิมะไหม?,find
ฉันควรจะเอาร่มมาในวันนี้หรือไม่,find
จะมีพายุหิมะมาเร็ว ๆ นี้หรือไม่?,find
สภาพอากาศดูเหมือนว่าเป็นอย่างไรพรุ่งนี้,find
หิมะตกในเดนเวอร์ตอนนี้หรือไม่?,find
วันนี้มีแดดในอลาสก้าหรือไม่?,find
เย็นนี้อุณหภูมิจะเป็นอย่างไรบ้าง?,find
วันนี้ฝนจะตกหรือ?,find
จะมีหิมะตกในสัปดาห์นี้ไหม,find
คืนนี้จะหนาวแค่ไหน?,find
วันนี้หิมะตกหรือไม่?,find
มีโอกาสจะเกิดฝนตกมากไหมในวันนี้?,find
วันนี้หิมะจะตกในภาคเหนือของ dakota ไหม,find
สภาพอากาศที่ Ocean City ในสัปดาห์หน้าเป็นอย่างไร,find
วันนี้ฉันต้องการเสื้อแจ็คเก็ตไหม,find
อุณหภูมิควรจะเป็นเท่าไหร่ในวันนี้,find
อากาศของวันพรุ่งนี้ได้โปรด,find
ฉันควรนำครีมกันแดดไปบ้างไหม?,find
จะหนาวแค่ไหนตอนตี2พรุ่งนี้ที่ฟอร์ตเวิรต์,find
โปรดแสดงพยากรณ์อากาศ 7 วันให้ฉันดูหน่อย,find
อากาศที่อลาสก้าเป็นยังไง,find
สภาพอากาศในลอสแอนเจลิสวันนี้?,find
วันพรุ่งนี้ฉันต้องนำแจ็คเก็ตไปด้วยไหม?,find
พยากรณ์อากาศในวันพรุ่งนี้ที่ Los Angeles คืออะไร,find
ในวันพรุ่งนี้มีโอกาสจะเกิดพายุทอร์นาโดหรือไม่?,find
วันนี้ฉันต้องนำเสื้อกันฝนมาด้วยหรือไม่?,find
ข้อมูลสภาพอากาศปัจจุบัน,find
อุณหภูมิสำหรับวันพรุ่งนี้คืออะไร?,find
คาดว่าพรุ่งนี้มีฝนตกเท่าไหร่,find
วันนี้ร้อนแค่ไหน?,find
ฉันควรคาดว่าหิมะจะหนากี่นิ้ววันนี้,find
มันจะต่ำกว่าจุดเยือกแข่งคืนนี้มั้ย,find
ฉันต้องการเสื้อหนาวในวันนี้หรือไม่?,find
มีพายุที่มุ่งหน้าไปยังพื้นที่ของฉันหรือไม่?,find
ฝนจะตกหนักวันนี้ไหม,find
เราจะมีฝนตกกี่วันในอาทิตย์นี้?,find
วันนี้จะเกิดพายุหรือไม่?,find
นานแค่ไหนที่คาดว่าฝนจะตก?,find
วันนี้หิมะจะมีมากแค่ไหน?,find
หิมะจะเริ่มตกตอนไหน,find
อุณหภูมิในเบลมอนต์รัฐแมริแลนด์,find
หิมะจะตกมากแค่ไหนในวันนี้?,find
อุณหภูมิในวันพรุ่งนี้ในเนเปิลส์คืออะไร?,find
ฉันควรสวมเสื้อกันหนาวไหม?,find
ให้การอัปเดตสภาพอากาศแก่ฉัน,find
สภาพอากาศสำหรับสัปดาห์หน้าในวอชิงตันดีซี,find
ฉันควรเอาแจ็คเก็ตไปด้วยในการเดินทางไปไอโอวาวันจันทร์ถัดไปมั้ย,find
พายุฝุ่นในวันนี้,find
วันพรุ่งนี้ดัชนีความร้อนคืออะไร,find
วันพรุ่งนี้ฉันต้องนำร่มใปด้วยหรือไม่?,find
อุณหภูมิภายนอกคืออะไรตอนนี้?,find
เราจะเจอฝนตกมากไหมในวันนี้?,find
หิมะตกแค่ไหนที่แมสซาชูเซตส์,find
วันนี้จะร้อนมั้ย,find
อากาศเป็นยังไงสัปดาห์นี้,find
ความชื้นสำหรับวันพรุ่งนี้จะเป็นอย่างไร?,find
ฉันต้องการรองเท้าบูทหิมะของฉันมั้ยในวันนี้,find
วันนี้จะมีแดดหรือไม่?,find
พยากรณ์อากาศสำหรับวันพรุ่งนี้คืออะไร?,find
พรุ่งนี้จะมีแดดไหม?,find
วันนี้ใน Los Angeles จะร้อนมากไหม?,find
ความชื้นในปัจจุบันในไมอามีคืออะไร?,find
อากาศสุดสัปดาห์นี้จะเป็นอย่างไร?,find
อุณหภูมิปัจจุบันที่ ลองไอส์แลนด์ คืออะไร?,find
ข้างนอกเป็นอย่างไรบ้าง,find
อุณหภูมิเท่าไรในวันนี้?,find
มันมืดครึ้มมั้ย?,find
มันจะเป็นเมฆมากไหม?,find
สุดสัปดาห์นี้จะร้อนไหม?,find
อากาศในพรุ่งนี้ใน เอลเอ,find
จะมีหิมะตกในตอนเย็นหรือไม่?,find
ฝนจะตกในชิคาโกในสัปดาห์หน้าหรือไม่?,find
ฉันต้องการเสื้อแจ็คเก็ตไหม?,find
วันนี้มันหนาวแค่ไหน?,find
มีโอกาสจะเกิดฝนตกในคืนนี้กี่เปอร์เซ็นต์?,find
พรุ่งนี้แดดจะออกมั้ย,find
จะเป็นน้ำแข็งหมดมั้ยอาทิตย์หน้า,find
ความชื้นคืออะไรตอนนี้?,find
คืนนี้จะหนาวมั้ย?,find
ฝนตกกี่นิ้วในวันนี้,find
สภาพอากาศใน Chapel Hill เวลาตี 1 คืออะไร?,find
จะมีโอกาสที่เกิดพายุฟ้าผ่าคืนนี้ไหม,find
อุณหภูมิในลอนดอนตอนนี้คืออะไร?,find
วันนี้ฉันต้องมีเสื้อกันฝนไหม,find
จะมีหิมะหรือไม่?,find
วันพรุ่งนี้จะมีหิมะตกไหม,find
แดดจะออกกี่โมง,find
ตอนนี้ จาไมก้า ร้อนแค่ไหน,find
มีแดดออกในฟิลาเดลเฟีย?,find
อุณหภูมิภายนอกคืออะไรตอนนี้,find
อุณหภูมิแบบไหนที่ชิคาโกมีในฤดูหนาวนี้?,find
อะไรคือวันที่ร้อนที่สุดในสัปดาห์นี้?,find
จำเป็นต้องใช้ร่มไหม?,find
ฝนตกในสัปดาห์นี้หรือไม่?,find
วันนี้ฝนจะตกใน South Lyon หรือไม่?,find
วันนี้ร้อนแค่ไหน,find
เย็นมั้ยในวันนี้,find
ฝนจะตกในสัปดาห์หน้าหรือไม่?,find
วันนี้สภาพอากาศเป็นยังไง,find
มีหิมะมากแค่ไหนที่เราควรจะได้รับ?,find
มีโอกาสแค่ไหนที่หิมะจะตก,find
สภาพอากาศในวันเสาร์?,find
ฝนจะตกวันนี้ เมื่อไหร่มันจะเริ่มตก?,find
ฝนจะตกตลอดทั้งวันหรือไม่?,find
ฉันควรสวมเสื้อแจ็คเก็ตวันนี้หรือไม่?,find
เมื่อไหร่มีพายุหิมะครั้งต่อไป,find
อุณหภูมิเท่าไหร่,find
พยากรณ์ในช่วงบ่ายจะเป็นอย่างไร,find
วันนี้มันจะหนาวแค่ไหน?,find
สภาพอากาศวันนี้เป็นยังไง,find
อุณหภูมิใน Columbus คืออะไร,find
ฉันจำเป็นต้องสวมเสื้อโค้ทวันนี้หรือไม่?,find
ฝนจะตกในซานดิเอโกวันนี้หรือไม่,find
วันพรุ่งนี้ข้างนอกจะร้อนไหม,find
วันนี้ฝนจะตกไหม,find
มันจะมีลมแรงสุดสัปดาห์นี้,find
คุณคิดว่าเสื้อคลุมจะเป็นความคิดที่ดีสำหรับวันนี้หรือไม่?,find
ตอนนี้อุณหภูมิคืออะไร,find
วันนี้ฝนจะตกไหม,find
ฝนจะตกทั้งสัปดาห์นี้หรือไม่?,find
ฉันควรเปิดเครื่องปรับอากาศวันนี้หรือไม่?,find
อุณหภูมิในเซนต์พอลจะเป็นอย่างไรในคืนนี้?,find
วันพรุ่งนี้มีเมฆมากไหม?,find
เมื่อไหร่คาดว่าจะมีหิมะอีก,find
สภาพอากาศในดีทรอยต์วันนี้เป็นอย่างไร,find
มันคือสภาพอากาศเสื้อกันหนาวไหม,find
มีโอกาสที่เราจะได้รับหิมะไหมคืนนี้?,find
หิมะจะตกในสัปดาห์นี้หรือไม่?,find
ความชื้นคืออะไร,find
มีโอกาสสำหรับหิมะจะตกจริงๆหรอ?,find
ดัชนียูวีในสัปดาห์นี้,find
ฉันควรจะนำเสื้อแจ็คเก็ตไปด้วยไหม?,find
ฉันต้องการเสื้อคลุมไหม,find
ฉันต้องการเสื้อคลุมไหมวันนี้,find
ฉันควรจะนำร่มไปด้วยหรือไม่?,find
พยากรณ์อากาศสำหรับวันนี้เป็นอย่างไร,find
สภาพอากาศใน Branson เป็นอย่างไรบ้างในวันที่ 11 กันยายน?,find
ฉันจะต้องนำร่มของฉันไปในวันพรุ่งนี้หรือไม่,find
วันนี้หิมะจะตกไหม?,find
พายุเฮอริเคนเปลี่ยนทิศทางหรือไม่?,find
มันจะมีเมฆมากในวันนี้ที่ Grindstone หรือไม่?,find
บอกฉันสภาพอากาศในวันนี้,find
ฝนจะหยุดตกเมื่อไร?,find
สภาพอากาศในวันพรุ่งนี้คืออะไร?,find
สภาพอากาศในช่วงสุดสัปดาห์นี้เป็นอย่างไร?,find
อุณหภูมิสำหรับวันอังคารคืออะไร?,find
จะมีฝนตกในช่วงสุดสัปดาห์นี้หรือไม่?,find
อุณหภูมิในพยากรณ์อากาศวันนี้คืออะไร?,find
ฉันควรสวมรองเท้าหิมะหรือไม่?,find
พยากรณ์อากาศช่วงสุดสัปดาห์,find
ฉันควรจะนำเสื้อคลุมไปในวันนี้หรือไม่,find
มันหนาวเย็นในนครนิวยอร์ก,find
มีพายุโซนร้อนที่ยังอยู่หรือไม่?,find
จะมีน้ำค้างแข็งในตอนเช้าไหม,find
อุณหภูมิเป็นอย่างไรในวันนี้,find
หิมะจะตกตลอดทั้งวันไหม,find
วันนี้จะมีหิมะตกไหม?,find
จะมีหิมะตกในสัปดาห์หน้าไหม,find
ฉันควรจะนำเอาร่มไปด้วยไหม?,find
มันจะมีแดดในสัปดาห์นี้หรือไม่?,find
วันพรุ่งนี้จะมีแดดออกในเท็กซัสไหม,find
ข้างนอกร้อนแค่ไหน,find
จะมีฝนตกในออร์แลนโดในวันพรุ่งนี้หรือไม่?,find
สภาพอากาศในสกอตแลนด์ตอน 5 โมงเย็นเป็นอย่างไร,find
วันนี้อากาศเป็นอย่างไร?,find
อุณหภูมิในฟีนิกซ์จะเป็นอย่างไรในวันพรุ่งนี้,find
วันนี้ฉันสามารถสวมกางเกงขาสั้นได้ไหม?,find
พรุ่งนี้จะมีหิมะตกไหม,find
วันนี้ฝนควรจะตกหรือ?,find
วันนี้จะร้อนแค่ไหน,find
วันนี้อากาศจะเปลี่ยนแปลงหรือไม่?,find
ฝนจะตกในวันพฤหัสบดีหรือ?,find
วันนี้ฝนจะตกไหม,find
ร้อนแค่ไหน?,find
ฉันขอการอัปเดตสภาพอากาศสำหรับคืนนี้ได้หรือไม่,find
พยากรณ์อากาศจะมีฝนไหม,find
พยากรณ์อากาศสุดสัปดาห์,find
ข้างนอกหนาวแค่ไหน?,find
อุณหภูมิปัจจุบันในปารีสฝรั่งเศสเป็นอย่างไร?,find
วันนี้ในเวอร์จิเนียจะร้อนหรือไม่?,find
พยากรณ์อากาศสำหรับวันที่ 21 สิงหาคมเป็นอย่างไรบ้าง,find
ฝนตกในวันเสาร์หรือไม่?,find
ฝนตกในสัปดาห์หน้าหรือไม่?,find
สวมใส่กางเกงขาสั้นในวันนี้ได้หรือไม่?,find
มีโอกาสเกิดฝนตกในวันอาทิตย์แค่ไหน?,find
สภาพอากาศใน Seattle Washington คืออะไร,find
จะมีฝนฟ้าคะนองในวันอาทิตย์,find
วันพรุ่งนี้อากาศจะเป็นอย่างไร,find
สภาพอากาศในจอร์เจีย,find
คืนนี้จะหนาวไหม,find
ฝนตกหรือไม่?,find
ฝนตกในวันนี้กี่โมง,find
มันจะร้อนในวันนี้,find
มีโอกาสเกิดฝนตกในวันศุกร์ที่นี่หรือไม่,find
"พยากรณ์อากาศสำหรับ Rochester, NY คืออะไร?",find
ถนนจะเป็นน้ำแข็งหรือไม่ในวันนี้ที่ Black Mountain?,find
จะมีฝนตกอีกเมื่อไหร่,find
มีโอกาสเกิดพายุฝนฟ้าคะนองหรือไม่,find
พายุเฮอริเคนกำลังใกล้เข้ามา?,find
เมื่อไหร่จะหิมะตกในวันนี้?,find
ฉันต้องสวมแว่นตากันแดดไหม,find
ฉันต้องพกร่มหรือไม่?,find
ฝนตกสุดสัปดาห์นี้ไหม?,find
สภาพอากาศจะเป็นอย่างไรบ้างในวันนี้?,find
กำลังจะมีมรสุมไหมวันนี้,find
วันนี้มันควรจะมีหิมะตกไหม?,find
อุณหภูมิจะเป็นอย่างไรในวันพุธหน้า,find
วันนี้หิมะตกไหม,find
ฉันต้องการทราบว่าวันนี้จะมีฝนตกหรือไม่,find
สภาพอากาศในวันนี้ของ NC มีอะไรบ้าง?,find
ลูกเห็บจะตกไหม,find
กี่วันในสัปดาห์นี้ฝนจะตก?,find
อุณหภูมิวันนี้เหมาะกับสภาพอากาศของชายหาดหรือไม่?,find
อัปเดตฉันเกี่ยวกับสภาพอากาศ,find
ฝนจะตกในทุกสัปดาห์หน้าหรือไม่?,find
มันอบอุ่นพอที่จะสวมเสื้อแขนสั้นไหม,find
อุณหภูมิในบ้านคืออะไร?,find
อุณหภูมิเท่าไหร่,find
แทมปาจะมีฝนตกในวันนี้หรือไม่?,find
พยากรร์อากาศสำหรับสัปดาห์นี้คืออะไร?,find
มีฝนตกเท่าไรในสัปดาห์หน้า?,find
อุณหภูมิสำหรับสัปดาห์ต่อไปคืออะไร,find
วันนี้จะมีลมแรงหรือไม่?,find
ฝนตกจะตกไหม,find
ฉันควรใส่เสื้อกันหนาวหลายตัวไหมพรุ่งนี้,find
อาการจะเย็นคืนนี้ไหม,find
พยากรณ์ว่าลูกเห็บจะตกไหม,find
วันพรุ่งนี้จะเย็นแค่ไหน?,find
หิมะจะตกไหมในวันสุดสัปดาห์?,find
เมื่อไหร่จะมีฤดูพายุทอร์นาโดในฟลอริด้า?,find
สภาพอากาศจะเป็นอย่างไรใน PA ในสัปดาห์หน้า?,find
วันนี้หิมะตกไหม,find
ฉันควรสวมกางเกงขาสั้นไหมในวันนี้,find
วันนี้มีหิมะหรือไม่?,find
ฝนจะตกตอนไหน?,find
ฝนจะตกที่เมืองแนชวิลล์ในสุดสัปดาห์นี้หรือไม่?,find
สภาพอากาศจะเป็นอย่างไรในวันพรุ่งนี้?,find
ฉันควรจะเตรียมร่มไว้สำหรับสุดสัปดาห์นี้หรือไม่,find
สภาพอากาศจะเป็นอย่างไรในวันนี้?,find
จะร้อนในสัปดาห์นี้ไหม?,find
สภาพอากาศใน St. Augustine คืออะไร?,find
อุณหภูมิสำหรับวันพรุ่งนี้คืออะไร?,find
ร้อยละของฝนวันนี้คืออะไร,find
วันนี้เมืองมาแชลล์เทาวนีอุณหภูมิเท่าไหร่?,find
ฉันควรจะใส่เสื้อโค้ทไหม?,find
อุณหภูมิเฉลี่ยในสัปดาห์นี้คืออะไร,find
การคาดการณ์คืออะไร?,find
ฝนตกในลอนดอนหรือไม่?,find
มีโอกาสที่จะเกิดน้ำท่วมในละแวกของฉันหรือไม่?,find
พยากรณ์สภาพอากาศสุดสัปดาห์ในรัฐแคลิฟอร์เนีย,find
ฉันต้องการเสื้อแจ็คเก็ตไหม?,find
วันนี้จะมีลมแรง,find
อุณหภูมิอากาศจะเป็นอย่างไรในวันพรุ่งนี้?,find
ร้อนแค่ไหนข้างนอก?,find
พยาการณ์อากาศจะเป็นอย่างไรในส่วนที่เหลือของสัปดาห์?,find
วันนี้ฉันต้องใช้ร่มไหม?,find
สภาพอากาศที่รัฐควิเบกเป็นอย่างไร?,find
อุณหภูมิอากาศที่รัฐจูโนเป็นอย่างไร?,find
วันนี้ฝนจะตกหรือไม่?,find
สภาพอากาศในตอนนี้ที่ประเทศอิตาลีเป็นอย่างไรบ้าง?,find
สภาพอากาศในนิวยอร์คมีอะไรบ้าง?,find
พรุ่งนี้จะมีฝนตกหรือไม่?,find
วันนี้ฉันควรใส่เสื้อเชิ๊ตแขนสั้นดีไหม?,find
วันนี้หิมะจะตกหรือไม่?,find
มีฝนตกที่แอชวิลล์ไหม?,find
พยากรณ์อากาศสำหรับเมืองแทลลาแฮสซี รัฐฟลอริด้า จะเป็นอย่างไรในสุดสัปดาห์หน้า?,find
จะมีฝนตกในอาทิตย์หน้าไหม?,find
วันนี้ฝนจะเริ่มตกที่เมืองคอนเยอรส์ตอนกี่โมง?,find
ร้อนไหม?,find
อุณหภูมิข้างนอกเป็นยังไง?,find
มีโอกาสเท่าไหร่ที่จะเกิดฝนตกในซีแอตเทิลในวันนี้?,find
ฝนจะตกในสัปดาห์นี้หรือไม่?,find
วันนี้จะหนาวไหม?,find
อุณหภูมิสำหรับ 10 วันถัดไปคือเท่าไร?,find
อุณหภูมิของวันนื้คือเท่าไหร่?,find
ฉันต้องเอาเสื้อแจ๊คเก็ตไปด้วยไหม?,find
ควรแพ็ครองเท้าบูทมั้ย?,find
พยากรณ์อากาศสำหรับวันนี้ใน Fayettville Arkansas?,find
เมื่อไหร่พายุหิมะจะเริ่มขึ้น,find
อากาศวันนี้,find
ฉันต้องใส่เสื้อแจ็คเก็ตไหมคืนนี้?,find
อะไรคือความเป็นไปได้ว่าฝนจะตกวันมะรืนนี้?,find
วันนี้ต้องการเสื้อแจ็คเก็ตหรือไม่?,find
ฝนจะตกไหมอาทิตย์นี้?,find
ถนนไม่ดีตอนนี้เนื่องจากฝนหรอ?,find
ฉันต้องการรองบูทกันฝนของฉันไหม,find
สภาพอากาศของประเทศฝรั่งเศษในวันนี้เป็นอย่างไร?,find
วันนี้สภาพอากาศเป็นยังไง?,find
ความชื้นของวันนี้คืออะไร?,find
วันนี้ฉันจำเป็นที่จะให้ลูกๆพกเสื้อกันฝนไปด้วยไหม?,find
ฝนจะตกไหม,find
วันนี้ฝนจะตกไหม,find
พยากรณ์อากาศ 3 วันคืออะไร?,find
นี่เป็นสภาพอากาศของการพกร่มใช่ไหม?,find
พยากรณ์อากาศในสัปดาห์หน้าคืออะไร?,find
ฝนตกตอนไหน?,find
อากาศที่ โคโลราโด้ สปริงซ์ ในวันพฤหัสบดีเป็นอย่างไรบ้าง?,find
วันจันทร์ฝนจะตกไหม?,find
ฉันต้องการหมวกไหม,find
ฝนจะตกมั้ยในวันพรุ่งนี้?,find
ฝนจะเริ่มตกเมื่อไหร่?,find
วันนี้มีลูกเห็บมั้ย?,find
ฉันต้องการเสื้อโค้ทมั้ยคืนนี้ไหม?,find
วันนี้จะร้อนแค่ไหน?,find
ฉันควรจะนำชุดว่ายน้ำหรือไม่?,find
สภาพอากาศในฟลอริด้าในสุดสัปดาห์นี้เป็นอย่างไร?,find
มันจะนานแค่ไหนก่อนที่ฝนจะเคลื่อนเข้าสู่แนชวิลล์,find
สภาพอากาศในกรุงลอนดอนเป็นอย่างไร?,find
อะไรคือโอกาสของพายุทอร์นาโดในวันนี้?,find
พยากรณ์อากาศ10วันคืออะไร,find
อุณหภูมิในวันนี้ในพื้นที่ของฉัน,find
สภาพอากาศคืออะไร?,find
ในวันพฤหัสบดีที่เมืองชิคาโกจะมีหิมะตกไหม?,find
วันนี้ฝนจะตกหรือ?,find
มีโอกาสเกิดฝนตกไหม,find
สภาพอากาศในวันพรุ่งนี้เป็นอย่างไร?,find
ฝนตกในวันนี้ไหม?,find
ตอนนี้อุณหภูมิข้างนอกเป็นอย่างใด,find
หิมะจะตกในวันนี้เยอะแค่ไหน?,find
อุณหภูมิสำหรับวันพรุ่งนี้คืออะไร,find
จะมีพายุฝนฟ้าคะนองในวันพรุ่งนี้หรือไม่?,find
แสดงให้ฉันเห็นสภาพอากาศในนัสเซาประเทศบาฮามาส,find
อากาศวันนี้เป็นอย่างไร,find
สภาพอากาศเป็นอย่างไร?,find
หนาวแค่ไหนนอกบ้าน?,find
มันมีลมแรง,find
มีหิมะตกในพยากรณ์อากาศวันพรุ่งนี้หรือไม่,find
วันนี้ฝนจะตกมั้ย,find
วันนี้ฝนจะตก,find
อุณหภูมิข้างนอกป็นอย่างไร?,find
พรุ่งนี้ฝนจะตกไหม,find
ความชื้นคืออะไร,find
ฉันต้องการร่มวันนี้มั้ย?,find
ดัชนีรังสียูวีสำหรับวันนี้ตอนเวลา 10.00 น.คืออะไร?,find
ฉันต้องใช้ร่มหรือไม่,find
ฉันอยากจะขอพยากรณ์อากาศสำหรับการเดินเรือ,find
อากาศเป็นอย่างไร?,find
สภาพอากาศในลอนดอนสำหรับวันอังคาร,find
มีคลื่นร้อนใน los angeles หรือไม่,find
พยากรณ์อากาศสำหรับวันพรุ่งนี้คืออะไร,find
ฉันควรจะนำเสื้อแจ๊คเก็ตไปในการเดินทางของฉันหรือไม่,find
อุณหภูมิ,find
ฝนตกหรือไม่?,find
ฉันควรจะพกร่มหรือมั้ย?,find
ฉันต้องการเสื้อโค้ทสำหรับสุดสัปดาห์นี้หรือไม่?,find
อุณหภูมิปัจจุบัน?,find
ทิศทางใดที่ลมพัด,find
อีกนานแค่ไหนก่อนฝนตก?,find
สภาพอากาศใน ออสติน เป็นอย่างไหร่,find
อุณหภูมิควรจะเป็นอย่างไรในสัปดาห์นี้,find
พยากรณ์อากาศฝนตกในวันพรุ่งนี้,find
วันนี้สภาพอากาศเป็นอย่างไร?,find
อุณหภูมิต่ำสุดเท่าไร,find
อุณหภูมิตอนนี้คืออะไร?,find
ฝนจะตกในสัปดาห์นี้หรือไม่?,find
วันนี้จะมีลูกเห็บหรือไม่?,find
ฝนจะเริ่มตกตอนไหนในวันนี้?,find
ฝนจะตกเช้านี้หรือไม่?,find
วันไหนจะร้อนในสัปดาห์นี้?,find
ฉันควรจะเอาร่มของฉันไปไหม,find
ฝนตกต่อไปเมื่อไหร่?,find
หนาวแค่ไหนนอกบ้าน?,find
วันนี้ฝนจะตกไหม,find
ฝนตกที่นิวเจอร์ซีย์ชอร์คืนนี้หรือไม่?,find
ร้อนแค่ไหนมันคืนนี้,find
วันพรุ่งนี้มีจะเมฆมากมั้ย,find
วันนี้จะร้อนแค่ไหน?,find
อุณหภูมิสำหรับวันพรุ่งนี้เท่าไหร่?,find
ฝนจะตกมั้ยในสัปดาห์นี้,find
อากาศในชาสเซิลสำหรับวันนี้,find
ตอนนี้ฟลอริด้าร้อนแค่ไหน,find
อากาศวันนี้,find
มีโอกาสเกิดฝนตกในวันนี้หรือไม่?,find
สภาพอากาศใน ซานต้าเฟ วันหยุดสุดสัปดาห์นี้เป็นอย่างไร?,find
วันนี้ร้อนแค่ไหน?,find
อัพเดตสภาพอากาศใน ลอสแอนเจลิส,find
พายุฝนฟ้าคะนองอยู่ที่ไหน,find
ฝนจะตกมั้ยวันจันทร์?,find
ความชื้นจะเป็นเท่าไหร่วันนี้อย่างไร?,find
ร้อนแค่ไหน?,find
ดัชนีความร้อนคืออะไร?,find
ฉันควรจะใส่เสื้อกันฝนมั้ยสุดสัปดาห์นี้,find
จะมีเมฆปกคลุมนานเท่าไร?,find
อุณหภูมิเท่าไหร่ที่ในลอว์เรนซ์คืนนี้?,find
ฝนตกสุดสัปดาห์นี้หรือไม่?,find
ความร้อนในย่านดาวน์ทาวน์ซีแอตเทิลเป็นอย่างไร?,find
โอกาศเกิดฝน,find
คุณคิดว่าฉันควรจะใส่เสื้อโค้ทไหม?,find
สภาพอากาศในมอสโกเป็นยังไงบ้าง,find
ร้อนแค่ไหนที่คาร์เมลวันพรุ่งนี้?,find
จะร้อนแค่ไหนเวลาบ่าย2โมง?,find
วันนี้จะร้อนแค่ไหน?,find
ฝนจะตกมั้ยวันนี้,find
ฝนจะตกไหม?,find
วันนี้ฉันต้องการรองเท้าบูทกันฝนมั้ย?,find
สภาพอากาศในมหานครนิวยอร์กเป็นอย่างไร?,find
สภาพอากาศวันนี้คืออะไร?,find
ฝนตกวันเสาร์หรือไม่?,find
ลูกเห็บจะตกไหม,find
วันพรุ่งนี้ฝนตกที่ลาสเวกัส?,find
เวลาไหนที่พายุควรจะเริ่มต้น,find
วันนี้มันหนาวแค่ไหน,find
พรุ่งนี้จะมีแดดฟอร์ตลอเดอเดลไหม?,find
หิมะจะตกในเวอร์มอนต์ในสัปดาห์หน้า?,find
ฉันต้องการเสื้อคลุมไหม?,find
พรุ่งนี้อากาศเป็นอย่างไร,find
วันนี้หิมะตกหรือไม่?,find
เวลาไหนที่ฝนจะตกคืนนี้?,find
วันนี้มีแดดหรือไม่?,find
ฉันควรจะนำเสื้อกันฝนไปหรือไม่?,find
พรุ่งนี้สภาพอากาศในซีแอตเติลคืออะไร?,find
มีหิมะสูงกี่นิ้วในวันนี้,find
คุณบอกอุณหภูมิเฉลี่ยสำหรับวันพรุ่งนี้ได้ไหม,find
ฉันสามารถสวมรองเท้าแตะได้หรือไม่?,find
สภาพอากาศปัจจุบันใน Los Angeles,find
วันนี้ฝนจะตก,find
ฉันจะต้องใส่แจ็คเก็ตในชิคาโกในสัปดาห์นี้หรือไม่?,find
วันนี้สภาพอากาศหิมะตก,find
สภาพอากาศสำหรับวันหยุดสุดสัปดาห์ถัดไปคืออะไร?,find
ฉันต้องแพ็คเสื้อสำหรับการเดินทางของฉันวันหยุดสุดสัปดาห์นี้,find
ฉันจะต้องสวมเสื้อคืนนี้ไหม?,find
มีพายุมาไหม,find
จะมีฝนตกในเวลา 14.00 น. วันนี้,find
มีพายุทอร์นาโดอยู่ไหม,find
สภาพอากาศในไมอามี่วันนี้เป็นอย่างไร,find
สิ่งที่ความชื้นในฟลอริดาวันนี้?,find
สภาพอากาศใน Wildwood คืออะไรวันนี้?,find
ฉันต้องการร่มหรือไม่?,find
พยากรณ์อากาศสำหรับ Akron Ohio,find
มีพายุฝนฟ้าคะนองในวันนี้หรือไม่?,find
พยากรณ์อากาศในสัปดาห์หน้าคืออะไร,find
ยกเลิกนาฬิกาปลุกทั้งหมดสำหรับพรุ่งนี้,cancel_alarm
นาฬิกาปลุกตอนเช้าตั้งปลุกกี่โมง,show_alarms
ตั้งปลุกทุกวันศุกร์เวลา 10:00 น,set_alarm
ปิดเสียงเตือนชั่วคราวไว้ 10 นาที,snooze_alarm
บอกฉันนาฬิกาปลุกกี่โมง,show_alarms
ตั้งปลุก 5 โมงเย็นวันเสาร์,set_alarm
ยกเลิกนาฬิกาปลุกของฉัน,cancel_alarm
ตั้งปลุกทุกนาทีเป็นเวลา 2 ชั่วโมง,set_alarm
ตั้งปลุกวันอังคาร 6 โมงเช้า,set_alarm
ตั้งปลุกเวลา ตี1 วันอังคาร,set_alarm
ตั้งนาฬิกาปลุก,set_alarm
ตั้งเวลาปลุกที่ 4.30 น. ในวันจันทร์,set_alarm
กรุณาตั้งเวลาปลุก 9:30 น.,set_alarm
ตั้งเตือนวันพรุ่งนี้,set_alarm
ตั้งปลุกวันศุกร์เวลา 7โมงเช้า,set_alarm
ตั้งเวลาปลุกที่ 13.00 น.,set_alarm
ตั้งปลุกวันพรุ่งนี้ ตี5.15,set_alarm
ยกเลิกนาฬิกาปลุกวันเสาร์,cancel_alarm
ตั้งเวลาปลุก 7:00 น. ด้วยการเลื่อนการเตือนล่วงหน้า 5 นาที,set_alarm
ลบนาฬิกาปลุกทั้งหมดสำหรับสุดสัปดาห์,cancel_alarm
ดูนาฬิกาปลุกของฉัน,show_alarms
มีสัญญาณเตือนอะไรบ้างในอาทิตย์นิ้,show_alarms
ตั้งเวลาปลุก 4 ทุ่ม,set_alarm
ตั้งปลุกทุกๆสองชั่วโมงในขณะที่ฉันทำโปรเจ็คของโรงเรียนของฉัน,set_alarm
ตั้งเวลาปลุก 1 ทุ่มคืนนี้,set_alarm
ปิดเวลาปลุก,cancel_alarm
ตั้งเวลาปลุกเป็นเวลา 8 โมงเช้า,set_alarm
ตั้งเวลาปลุก 6 โมงเช้า,set_alarm
ตั้งปลุกเป็นเวลา 1 นาฬิกาในภายหลัง,set_alarm
ยกเลิกการปลุกสำหรับคืนนี้,cancel_alarm
ยกเลิกเวลาปลุก,cancel_alarm
ตั้งเวลปลุกสำหรับปลุกให้ตื่น,set_alarm
ปิดการตั้งเวลาปลุก,cancel_alarm
ตั้งปลุกวันเสาร์เวลา 10 โมงเช้า,set_alarm
ตั้งเวลาปลุก 2 ชั่วโมงตอนนี้,set_alarm
ตั้งปลุก 5 โมงเย็น,set_alarm
ยกเลิกเวลาปลุกตอนเช้า,cancel_alarm
ตั้งเวลาปลุก 7:20 น.สำหรับรองเท้าออกใหม่,set_alarm
นาฬิกาปลุกปิดอยู่,cancel_alarm
คุณช่วยตั้งเวลาปลุกได้ไหม 5:30 น,set_alarm
แสดงการเตือนทั้งหมดในสัปดาห์นี้,show_alarms
ตั้งเวลาปลุก,cancel_alarm
ยกเลิกการตั้งเวลาปลุกทั้งหมด,cancel_alarm
คุณตั้งเวลาปลุกให้ฉันหน่อยตอนบ่าย 5 โมง,set_alarm
ตั้งปลุกทุก 90 วินาทีเป็นเวลา 30 นาที,set_alarm
แสดงการเตือนที่ตั้งขึ้นในวันพรุ่งนี้,show_alarms
ตั้งเวลาปลุกทุกๆ 10 นาที,set_alarm
ตั้งปลุกเป็นเวลา 6 โมงทุกวัน,set_alarm
ตั้งเวลาปลุกเวลาอาบน้ำ,set_alarm
ปิดการเตือนทั้งหมดในวันนี้,cancel_alarm
เลื่อนปลุกเออกไปตอนเวลา 6 โมงเช้า,cancel_alarm
ตั้งเวลาปลุกบอกฉันว่าจะเริ่มโครงการเมื่อไหร่,set_alarm
ยกเลิกเวลาปลุกของฉันคืนนี้,cancel_alarm
พรุ่งนี้เช้าตั้งเวลาปลุกไว้กี่โมง,show_alarms
วันพรุ่งนี้ฉันจะตั้งเวลาปลุกอะไร,show_alarms
ตั้งเวลาปลุก15 นาทีทุกๆ 1 นาที,set_alarm
เหลือเวลาอีกเท่าไหร่ก่อนที่เวลาจะหมด?,time_left_on_alarm
ลบการเตือนทั้งหมด,cancel_alarm
ตั้งเวลาปลุกอะไรอาทิตย์หน้า,show_alarms
เวลาปลุกทุกๆ 4 นาที,set_alarm
ฉันเหลือเวลาเท่าไหร่กว่าเวลาจะปลุก,time_left_on_alarm
ยกเลิกการปลุก,cancel_alarm
ตั้งเวลาปลุกพรุ่งนี้,set_alarm
ตั้งเวลาปลุก,set_alarm
ตั้งเวลาปลุกบ่ายโมง,set_alarm
ดูเวลาการแจ้งเตือนทั้งหมด,show_alarms
ปิดการปลุกเตือนทั้งหมดในเดือนถัดไป,cancel_alarm
ปิดการตั้งเวลาปลุกทั้งหมด,cancel_alarm
แสดงนาฬิกาปลุกของฉัน,show_alarms
ยกเลิกตั้งเวลาปลุกทั้งหมด,cancel_alarm
นาฬิกาปลุกตั้งไว้สำหรับเวลา 5 โมงเช้า,set_alarm
ยกเลิกการแจ้งเตือนวันอังคาร,cancel_alarm
ยกเลิกการแจ้งเตือนรายสัปดาห์,cancel_alarm
แสดงการเตือนทั้งหมดของฉัน,show_alarms
แสดงนาฬิกาปลุกของฉัน,show_alarms
วันพรุ่งนี้เช้าฉันจะตั้งเวลาปลุกอะไร,show_alarms
ยกเลิกการตั้งเวลาปลุกตอนเช้า,cancel_alarm
ตั้งปลุกไปหาหมอฟัน,set_alarm
ไม่ต้องตั้งเวลาปลุกให้ฉันศุกร์นี้,cancel_alarm
ตั้งปลุกเป็นเวลา 5 โมงเช้าหรือไม่?,show_alarms
กรุณายกเลิกตั้งเวลาปลุกทั้งหมด,cancel_alarm
ตั้งเวลาปลุกด้วย 10 นาทีทุกๆ 1 นาที,set_alarm
ตั้งเวลาปลุก 20.00 น,set_alarm
ตั้งปลุกออกกำลังกายเวลา 5:30 น,set_alarm
ตั้งเวลาปลุก 2 ทุ่มคืนนี้,set_alarm
ยกเลิกตั้งเวลาปลุกทั้งหมด,cancel_alarm
แสดงนาฬิกาปลุกของฉันวันนี้,show_alarms
ยกเลิกการปลุก,cancel_alarm
ตั้งเวลาปลุก 10 นาที,set_alarm
ปิดการตั้งเวลาปลุก,cancel_alarm
ฉันได้ตั้งเวลาปลุก 8 โมงเช้ามั๊ย?,show_alarms
ดูเวลาปลุก,set_alarm
ตั้งเวลาปลุกตอนเช้า 6 โมงครึ่ง,set_alarm
ตั้งเวลาปลุกบ่าย 3 โมง,set_alarm
ฉันต้องการตั้งเวลาปลุก 18:30 น.,set_alarm
ตั้งเวลาปลุกวันจันทร์ 7 โมงเช้า,set_alarm
โปรดตั้งค่าเวลาปลุกทั้งหมดที่ฉันได้ตั้งไว้,show_alarms
ตั้งเวลาปลุกเป็นเวลา 6 โมงเช้า,set_alarm
ยกเลิกตั้งเวลาปลุกทั้งหมด,cancel_alarm
ตั้งเวลาปลุก 6 โมงเช้า,set_alarm
ยกเลิกนาฬิกาปลุก,cancel_alarm
ปิดนาฬิกาปลุก,cancel_alarm
ยกเลิกการเตือนในวันนี้,cancel_alarm
ยกเลิกตั้งเวลาปลุกทั้งหมด,cancel_alarm
ตั้งเวลาปลุก 8:30 น,set_alarm
ต้องการเห็นเวลาปลุกตอนเช้า,show_alarms
ตั้งเวลาปลุกในวันอาทิตย์เวลา 12.00 น,set_alarm
เวลาปลุกของฉันคืออะไร,show_alarms
ตั้งปลุกให้ปลุกฉันตอน 8 โมง,set_alarm
ตั้งเวลาปลุกวันจันทร์ 10 โมงเช้า,set_alarm
ปิดการตั้งเวลาปลุกทั้งหมด,cancel_alarm
ยกเลิกตั้งเวลาปลุกตี 5,cancel_alarm
ปลุก 7โมง,set_alarm
ตั้งเวลาปลุก 1 ทุ่มวันศุกร์,set_alarm
ยกเลิกตั้งเวลาปลุก 10 ชั่วโมงตอนนี้,set_alarm
ตั้งปลุก 6 โมงเช้าพรุ่งนี้,set_alarm
ปิดตั้งเวลาปลุกด่วน,cancel_alarm
ตั้งปลุกเป็นเวลา 5:30 น,set_alarm
ตั้งเวลาปลุกตอนเช้า 6 โมงทุกวัน,set_alarm
กี่ชั่วโมงจนกว่าการปลุกของฉันจะดับลงในตอนเช้า,time_left_on_alarm
ยกเลิกตั้งเวลาปลุก,cancel_alarm
ลบการเตือนปลุกทั้งหมดของวันนี้,cancel_alarm
ตั้งเวลาปลุก 8 โมงเช้าส่งข้อความหาคริส,set_alarm
ปิดเสียงเตือนชั่วคราวไว้ 10 นาทีแล้วเปิดใหม่อีกครั้ง,snooze_alarm
ตั้งเวลาปลุก 7.00 น. คืนนี้,set_alarm
ตั้งปลุก 5 โมงเย็นนี้,set_alarm
ตั้งเวลาปลุกตอนเช้า 6 โมง,set_alarm
เวลาปลุกฉันตั้งไว้บ่ายวันจันทร์มั๊ย?,show_alarms
ตั้งเวลาปลุกตี 5 วันเสาร์,set_alarm
ตั้งเวลาปลุก 9.00 น. พรุ่งนี้ตอนกลางคืน,set_alarm
ลบการเตือนของฉันในวันนี้,cancel_alarm
ตั้งเวลาปลุกวันเสาร์เช้า 7 โมงสิบห้า,set_alarm
ตั้งเวลาปลุกตอนเช้า 6 โมงครึ่ง,set_alarm
เอาเวลาปลุกทั้งหมดจากวันนี้ให้ดูหน่อย,show_alarms
ยกเลิกเวลาปลุกทั้งหมด,cancel_alarm
ตั้งเวลาปลุกไว้ 5 นาทีตอนนี้,set_alarm
เลื่อนเวลาปลุกฉัน,snooze_alarm
ตั้งปลุกเวลาทำการบ้าน,set_alarm
ตั้งเวลาปลุกตอนเช้ามืดตี 4,set_alarm
ตั้งเวลาปลุกตี 5,set_alarm
ส่งรายการของสัญญาณเตือนนาฬิกาปลุกที่ฉันได้ตั้งค่า,show_alarms
ยกเลิกเวลาปลุก 6 โมงเช้า,cancel_alarm
ตั้งเวลาปลุกสำหรับอาหารเช้า,set_alarm
ตั้งเวลาปลุก 7 โมงเช้าวันอาทิตย์,set_alarm
ตั้งเวลาปลุกมีนัดไปหาหมอตอนเช้า 11 โมง,set_alarm
ปิดเสียงปลุกนี้ซ้ำ,snooze_alarm
เลื่อนเวลาปลุกฉัน,snooze_alarm
ตั้งปลุกเวลาสองทุ่ม  Two and a Half Men.,set_alarm
ตั้งเวลาปลุกไว้ 3 ชั่วโมง,set_alarm
ยกเลิกเวลาปลุก,cancel_alarm
เอาเวลาปลุกทั้งหมดที่เปิดมาให้ฉันดูหน่อย,show_alarms
เปิดตั้งปลุกทั้งหมด,set_alarm
ยกเลิกการปลุกทั้งหมดสำหรับคืนนี้,cancel_alarm
เลื่อนเวลาปลุก 2 นาที,snooze_alarm
ปิดเสียงเตือนชั่วคราวไว้ 15 นาที,snooze_alarm
ยกเลิกเวลาปลุกทั้งหมดวันที่ 2 เดือนมีนาคม,cancel_alarm
ตั้งปลุกใหม่สำหรับวันเสาร์เวลา 9.00 น,set_alarm
ตั้งเวลาปลุก ตี 2.30,set_alarm
กรุณาตั้งเวลาปลุกตอนบ่าย 3.15 จันทร์ถึงศุกร์,set_alarm
ตั้งปลุกใหม่,set_alarm
ปลุกฉันอีก 30 นาที,set_alarm
ลบเวลาปลุกวันนี้,cancel_alarm
ตั้งปลุกเพื่อรับจดหมาย,set_alarm
ลบการปลุก 3 โมงเย็น,cancel_alarm
ลบเวลาปลุกเย็นนี้,cancel_alarm
ปิดเสียงปลุก,snooze_alarm
ยกเลิกเวลาปลุกพรุ่งนี้เช้า,cancel_alarm
ตั้งปลุกทุกนาทีเป็นเวลา 10 นาที,set_alarm
ตั้งเวลาปลุกนี้ 4 นาที,set_alarm
เวลาปลุกเหลือเท่าไหร่?,time_left_on_alarm
ความขื้นเป็นเท่าไหร่,find
คุณสามารถปิดเสียนาฬิกาปลุกของฉันได้ในสุดสัปดาห์นี้ได้ไหม,snooze_alarm
ตั้งเวลาปลุก 5 ชั่วโมงตอนนี้,set_alarm
คุณสามารถตั้งเวลาปลุกเป็นเวลา 6 โมงเช้า ได้มั้ย,set_alarm
ลบการตั้งเวลาปลุกทั้งหมด,cancel_alarm
ตั้งเวลาปลุกตอนเช้า 10.30 พรุ่งนี้,set_alarm
ยกเลิกการตั้งเวลาปลุก 6 โมงเช้า,cancel_alarm
ยกเลิกนาฬิกาปลุกทั้งหมดของฉันสำหรับสัปดาห์นี้,cancel_alarm
เวลาปลุกของฉันทำงานตอนไหนพรุ่งนี้?,show_alarms
ตั้งปลุก 5 โมงเช้าพรุ่งนี้,set_alarm
ตั้งเวลาปลุก 1 ทุ่ม,set_alarm
ตั้งเวลาปลุก 5 โมงเย็น,set_alarm
ยกเลิกตั้งเวลาปลุก 4 ทุ่ม,cancel_alarm
ตั้งเวลาปลุกใหม่ 2 ทุ่มสำหรับอาหารเย็น,set_alarm
ตั้งนาฬิกาปลุก 5:30 พาหมาเดินเล่น,set_alarm
แสดงนาฬิกาปลุกทั้งหมด,show_alarms
เวลาเหลือเท่าไหร่บนนาฬิกาปลุก,time_left_on_alarm
ปิดนาฬิกาปลุก,cancel_alarm
ตั้งปลุกเป็นเวลา 10 นาที,set_alarm
อย่าลืมตั้งนาฬิกาปลุก,set_alarm
โชว์นาฬิกาปลุกจับเวลาทำงาน,show_alarms
ตั้งเวลาปลุก 3 โมงเย็น,set_alarm
แสดงนาฬิกาปลุกันปัจจุบันของฉัน,show_alarms
ตั้งปลุกเวลา 3 โมงเย็น วันศุกร์,set_alarm
ยกเลิกนาฬิกาปลุกทั้งหมด,cancel_alarm
เลื่อนเวลาปลุก,snooze_alarm
สร้างการแจ้งเตือนใหม่เวลา 8.00 น,set_alarm
คุณสามารถตั้งเวลาปลุกสำหรับฉันวันพุตอน 6 โมง?,set_alarm
ตั้งเวลาปลุก 5:00 น.,set_alarm
ตั้งเวลาปลุก 5 โมงเย็น,set_alarm
ได้โปรดยกเลิกการปลุก 9โมงเช้า,cancel_alarm
เปลี่ยนนาฬิกาปลุก,cancel_alarm
สภาพอากาศที่เวทเทอร์แรนพาร์คเวลาสิบแปดนาฬิกาสามสิบนาทีเป็นอย่างไร,find
อุณหภูมิของวันอาทิตย์เป็นอย่างไร,find
สัปดาห์หน้าพยากรณ์อากาศในการเดินทางของฉันในมหานครนิวยอร์กเป็นอย่างไร,find
คาดว่าพายุเฮอริเคนจะเข้าสู่อเมริกาเร็ว ๆ นี้,find
"เข่าของฉันเจ็บ, เราคาดว่าฝนอาจจะตก",find
สภาพอากาศในสเปนเป็นอย่างไร,find
สัปดาห์หน้าสภาพอากาศจะเป็นอย่างไร,find
วันนี้จะมีแสงแดดส่องลงชายฝั่งทะเลไหม,find
ฉันสามารถคาดหวังว่าสัปดาห์นี้หิมะอาจจะตกเมื่อไหร่ได้บ้าง,find
บอกฉันหน่อยว่าสภาพอากาศวันนี้เป็นอย่างไร,find
วันนี้ฉันต้องสวมหมวกกันแดดไหม,find
สภาพอากาศในฟอร์ตคอลลินส์เป็นอย่างไร,find
วันนี้จะร้อนแค่ไหน,find
ฉันจำเป็นต้องมีร่มไหม,find
สุดสัปดาห์นี้สภาพอากาศจะเป็นอย่างไร,find
จงแสดงผลพยากรณ์อากาศภายในห้าวันให้ฉันหน่อย,find
สุดสัปดาห์นี้เปอร์เซ็นต์ของฝนจะเป็นอย่างไร,find
วันนี้จะมีแสงแดดไหม,find
วันนี้อุณหภูมิจะเป็นอย่างไร,find
จะมีฝนตกที่มอนทรีออลแคนาดาในครั้งต่อไปเมื่อไหร่,find
วันพรุ่งนี้จะมีลูกเห็บตกไหม,find
มันจะหนาวแค่ไหน,find
วันนี้จะมีลูกเห็บตกเวลากี่โมง,find
พยากรณ์อากาศในสิบวันนี้จะเป็นอย่างไร,find
หิมะจะตกเร็วๆ นี้ไหม,find
พรุ่งนี้น้ำจะท่วมไหม,find
อุณภูมิคืนนี้จะเป็นเท่าไหร่,find
คืนนี้อุณภูมิจะเป็นเท่าไหร่,find
พรุ่งนี้อากาศน่าจะเป็นอย่างไร,find
พยากรณ์อากาศที่เบลิเออร์ โอไฮโอเป็นอย่างไร,find
วันนี้ฝนจะตกนานแค่ไหน,find
พยากรณ์อากาศของสัปดาห์หน้าจะเป็นอย่างไร,find
อากาศเป็นอย่างไรวันนี้,find
ข่าวอากาศวันนี้มีอะไรบ้าง,find
อากาศวันเสาร์เป็นอย่างไร,find
อุณหภูมิวันอังคารจะเป็นเท่าไหร่,find
ข้างนอกหนาวไหม,find
คืนนี้ฉันต้องใช้ร่มไหม,find
ฉันควรนำเสื้อคลุมไปไหมคืนนี้,find
มันจะร้อนไหมวันนี้,find
ฉันต้องใช้ร่มไหมวันนี้,find
คืนนี้อากาศจะหนาวไหม,find
แดดจะออกทั้งวันไหมวันนี้,find
สัปดาห์นี้ฝนจะตกกี่วัน,find
บริเวณนี้มีพายุทอร์นาโดไหม,find
มีโอกาสฝนตกแค่ไหน,find
จัดตารางการแจ้งเตือนสำหรับพรุ่งนี้,set_reminder
คุณสามารถยกเลิกการแจ้งเตือนไปงานเลี้ยงได้ไหม,cancel_reminder
หิมะจะตกไหมวันศุกร์นี้,find
อากาศใกล้ที่ทำงาน,find
วันนี้ฉันต้องใช้เสื้อโค้ทไหม,find
วันนี้ลมแรงไหม,find
เราต้องใช้เสื้อโค้ทไหม,find
สุดสัปดาห์นี้อากาศเป็นอย่างไร,find
อากาศสำหรับสัปดาห์นี้,find
อากาศเป็นอย่างไร,find
ฉันควรเอาเสื้อโค้ทมาไหม,find
มีการเฝ้าดูพายุฝนฟ้าคะนองไหม,find
ถนนเป็นน้ำแข็งไหม,find
ฝนจะตกที่แอตแลนต้าสุดสัปดาห์นี้ไหม,find
เมื่อไหร่ฝนจะตกที่ซีแอตเทิล,find
ข้างนอกร้อนไหม,find
พรุ่งนี้มีโอกาสฝนตกไหม,find
ที่ฟลอริด้าฝนตกไหม,find
มีการทำนายว่าจะมีฝนลูกเห็บที่เพนซิลเวเนียไหมพรุ่งนี้?,find
อุณหภูมิเท่าไหร่วันนี้,find
ฝนจะตกนานแค่ไหน,find
เมื่อไหร่จะเริ่มมีลูกเห็บ,find
คืนนี้จะหนาวแค่ไหน,find
วันนี้อุณหภูมิจะเป็นเท่าไหร่,find
อากาศที่ปารีสสัปดาห์หน้าเป็นอย่างไร,find
บอกพยากรณ์อากาศของคืนนี้กับฉันหน่อย,find
อากาศที่เนบรัสกาเป็นอย่างไร,find
พยากรณ์อากาศสัปดาห์หน้าทุกวันเป็นอย่างไร,find
ฝนตกไหมวันนี้ที่นิวยอร์ค,find
พรุ่งนี้อากาศจะเป็นอย่างไร,find
ฝนจะตกไหมวันนี้,find
อุณหภูมิวันนี้เป็นเท่าไหร่,find
แดดจะออกไหมพรุ่งนี้,find
พยากรณ์อากาศวันอาทิตย์เป็นอย่างไร,find
อากาศสุดสัปดาห์นี้ที่เวสติน ฟลอริดาเป็นอย่างไร,find
ฉันต้องเอาเสื้อแจ็คเก็ตไปไหมวันนี้,find
คืนนี้อุณหภูมิจะเป็นเท่าไหร่,find
วันนี้อุ่นแค่ไหน,find
อุณหภูมิที่แชนด์เลอร์,find
วันนี้ฉันต้องใช้รองเท้ากันฝนไหม,find
หิมะจะตกไหมสุดสัปดาห์นี้,find
คืนนี้จะมีพายุลูกเห็บไหม,find
อากาศวันนี้เป็นอย่างไร,find
อุณหภูมิวันนี้ที่ราเลย์ และแจ้คสันวิล ฟลอริด้าเป็นเท่าไหร่,find
วันนี้มีโอกาสฝนตกแค่ไหน,find
วันนี้จะครึ้มฟ้าครึ้มฝนไหม,find
อุณหภูมิเท่าไหร่ที่ชายหาด,find
ฝนจะเริ่มตกกี่โมงวันนี้,find
วันนี้หิมะจะตกไหม,find
สัปดาห์นี้เราจะเจอพายุโซนร้อนไหม,find
ฉันควรใส่รองเท้าบูธกันฝนไหมวันนี้,find
วันนี้เรียกว่าเป็นอากาศแบบชายหาดได้ไหม,find
แดดจะออกวันไหนในสัปดาห์หน้าที่ลอสแองเจลิส,find
วันนี้ฉันต้องเอาร่มมาไหม,find
ฝนจะตกอีกเมื่อไหร่,find
ฉันต้องการรู้พยากรณ์อากาศของสัปดาห์นี้หน่อย,find
ฉันควรเอาผ้าพันคอมาไหม,find
อากาศสัปดาห์นี้,find
พยากรณ์ของวันนี้เป็นอย่างไร,find
พายุเฮอริเคนจะมีผลกระทบกับบริเวณที่ฉันอยู่ไหม,find
ฉันต้องใช้ร่มไหม,find
วันนี้มีโอกาสฝนตกแค่ไหน,find
วันนี้จะอุ่นไหม,find
อุณหภูมิจะเป็นเท่าไหร่พรุ่งนี้,find
ที่เท็กซัสหนาวแค่ไหน,find
อากาศ,find
หิมะจะตกเมื่อไหร่,find
เมื่อไหร่ฝนจะตกอีกครั้งที่แอตแลนตา,find
โอกาสฝนตกวันนี้เป็นอย่างไร,find
อากาศจะเป็นอย่างไรคืนนี้,find
ข้างนอกหนาวไหม,find
ขอพยากกรณ์อากาศที่อิตาลีของสัปดาห์นี้หน่อย,find
ฝนจะตกไหม,find
ฉันต้องการร่มไหม,find
ฉันต้องใช้เสื้อแจ็คเก็ตไหมวันนี้,find
วันนี้อากาศจะเป็นอย่างไร,find
ฉันต้องใช้ร่มไหมวันนี้,find
วันจันทร์หิมะจะตกไหม,find
ความชื้นสัมพันธ์เป็นอย่างไรบ้างวันนี้,find
พรุ่งนี้เช้าหิมะจะตกไหม,find
อุณหภูมิที่ชายหาดเมอร์เทิลเป็นอย่างไรสัปดาห์นี้,find
พายุจะเข้าสัปดาห์นี้ไหม,find
ช่วยบอกพยากรณ์อากาศสัปดาห์นี้หน่อย,find
วันนี้หิมะจะตกที่บอสตันไหม,find
ฝนลูกเห็บจะตกไหม,find
มีการพยากรณ์เกี่ยวกับหิมะไหมสัปดาห์นี้,find
อากาศที่ขั้วโลกเหนือเป็นอย่างไร,find
อากาศที่ไมอามีเป็นอย่างไร,find
วันนี้เราจะมีฝนตกแค่ไหน,find
หนาวแค่ไหน,find
อากาศที่ฟิลาเดลเฟียเป้นอย่างไร,find
อากาศที่เอดิสันเป็นอย่างไร,find
จะหนาวแค่ไหนวันนี้,find
สัปดาห์นี้ฝนจะตกที่ฮุสตันไหม,find
อากาศที่ทะเลสาบฮิกกินส์เป็นอย่างไร,find
วันนี้จะร้อนไหม,find
วันนี้อบอ้าวไหม,find
อากาศทั้งสัปดาห์เป็นอย่างไร,find
วันนี้ลมจะแรงไหม,find
ฉันควรจะเอาร่มไปไหม,find
จะมีพายุหิมะวันอาทิตย์ไหม,find
อุณหภูมิที่ เดด แวลลี่ย์ เป็นเท่าไหร่,find
พยากรณ์อากาศสำหรับชายหาดฟลอริด้าเป็นอย่างไร,find
ลมแรงแค่ไหนที่เวสท์เวอร์จิเนีย,find
แดดจะออกอีกไหมวันนี้,find
อากาศที่ซิดนีย์เป็นอย่างไร,find
แดดจะออกไหมพรุ่งนี้,find
ฉันต้องใช้เสื้อคลุมไหมวันนี้,find
วันนี้อุณหภูมที่ เฟียเลส ฮิลส์ เป็นเท่าไหร่,find
วันนี้ความชื้นเป็นเท่าไหร่,find
สัปดาห์นี้ ฝนจะตกที่แคนาดาไหม,find
จะต้องใช้พลั่วไหมวันนี้,find
พยากรณ์อากาศสุดสัปดาห์นี้เป็นอย่างไร,find
อากาศที่ดาลัสพรุ่งนี้จะเป็นอย่างไร,find
สุดสัปดาห์นี้อากาศจะเป็นอย่างไร,find
อากาศที่ชิคาโกเป็นอย่างไร,find
ฉันควรจะพกเสื้อแจ๊คเก็ตเพื่อไปบีชเมาน์เทนไหม?,find
ช่วยบอกพยากรณ์อากาศของสัปดาห์หน้าหน่อย,find
มันอุ่นแค่ไหนที่แองเคอเรจ,find
หิมะจะตกเยอะแค่ไหน,find
ฝนจะตกกี่โมงพรุ่งนี้,find
อากาศวันนี้เป็นอย่างไร,find
วันนี้ฉันต้องใช้ยากันแดดไหม,find
พรุ่งนี้จะมีเมฆมากไหม,find
สุดสัปดาห์นี้จะหนาวไหม,find
จะหนาวไหมพรุ่งนี้,find
อากาศที่เกาะมาร์โคสัปดาห์หน้าจะเป็นอย่างไร,find
จะร้อนไหมพรุ่งนี้,find
ฝนจะตกอีกนานเท่าไหร่,find
อากาศเป็นอย่างไรที่ลอนดอน,find
พยากรณ์เดือนหน้าเป็นอย่างไร,find
วันนี้คาดว่าฝนจะตกมากแค่ไหน,find
ฉันควรจะเอาร่มไปไหมวันนี้,find
อากาศที่ฟีนิกส์วันนี้เป็นอย่างไร,find
ฉันต้องใช้เสื้อกันฝนไหมวันนี้,find
สภาพอากาศในนิวยอร์กเป็นอย่างไร,find
อุณหภูมิของวันจันทร์จะเป็นอย่างไร,find
ฉันควรสวมเสื้อโค้ตของฉันไหมวันนี้,find
พยากรณ์อากาศสุดสัปดาห์นี้เป็นอย่างไร,find
พยากรณ์อากาศในช่วงสุดสัปดาห์นี้เป็นอย่างไร,find
พรุ่งนี้แดดจะดีไหม,find
ฉันจำเป็นต้องมีร่มไหม,find
พยากรณ์อากาศของวันเสาร์จะเป็นอย่างไร,find
พรุ่งนี้จะหนาวไหม,find
ฝนจะตกไหม,find
พยากรณ์อากาศของอาทิตย์หน้าจะเป็นอย่างไร,find
พยากรณ์อากาศที่เบอร์มิงแฮม,find
รองเท้าแตะจะเหมาะสมกับสภาพอากาศวันนี้ไหม,find
อีกสักพักฝนจะตกไหมวันนี้ไหม,find
วันนี้ฉันจำเป็นต้องมีร่มไหม,find
สภาพอากาศสุดสัปดาห์ของลาสเวกัส,find
จะมีพายุโซนร้อนที่มุ่งหน้าไปยังฟลอริด้าไหม,find
สุดสัปดาห์คุณมีความคิดว่าอากาศในนิวยอร์คเป็นอย่างไร,find
จะร้อนจะแค่ไหน,find
หิมะจะตกไหม,find
วันนี้ฉันจำเป็นต้องมีเสื้อโค้ตไหม,find
วันนี้จะหนาวไหม,find
ฉันควรจะนำเสื้อแจ็คเก็ตไปด้วยไหม,find
พรุ่งนี้จะมีแสงแดดไหม,find
สุดสัปดาห์นี้สภาพอากาศจะมีลักษณะอย่างไร,find
สัปดาห์หน้าจะร้อนแค่ไหน,find
วันนี้ฉันจำเป็นต้องมีเสื้อโค้ทไหม,find
ฉันจำเป็นต้องนำร่มไปไหม,find
สภาพอากาศในเมืองนิวยอร์กจะเป็นอย่างไร,find
มันหนาวแค่ไหน,find
สภาพอากาศสัปดาห์นี้จะเป็นอย่างไร,find
จะมีการแจ้งเตือนสภาพอากาศสำหรับบริเวณนี้ไหม,find
คืนนี้จะหนาวแค่ไหน,find
วันนี้จะเกิดพายุขึ้นที่บอร์เดนทาวน์ไหม,find
อากาศในบัลติมอร์เวลาห้าโมงเย็นเป็นอย่างไร,find
วันพรุ่งนี้จะร้อนแค่ไหน,find
วันนี้ฝนจะตกไหม,find
ฝนจะตกที่ชายหาดไหม,find
สำหรับสุดสัปดาห์นี้สภาพอากาศที่เครเตอร์เลคจะเป็นอย่างไร,find
วันนี้จะร้อนแค่ไหน,find
พยากรณ์อากาศในสัปดาห์นี้เป็นอย่างไร,find
พยากรณ์อากาศในสัปดาห์ต่อไปของแจ็กสันวิลล์จะเป็นอย่างไร,find
ฉันจำเป็นจะต้องมีเสื้อแจ็คเก็ตไหม,find
ฉันจำเป็นจะต้องมีเสื้อกันหนาวไหม,find
วันพรุ่งนี้ฝนจะตกไหม,find
วันนี้จะหนาวไหม,find
วันพรุ่งนี้จะร้อนแค่ไหน,find
แสดงการแจ้งเตือนที่กำลังจะมาถึง,show_reminders
แสดงรายการแจ้งเตือนของเดือนพฤษภา 2018 มีอะไรบ้าง,show_reminders
เตือนฉันให้โทรหา Karrie,set_reminder
เตือนฉันให้นัดหมายกับสัตวแพทย์,set_reminder
เตือนฉันไปรับยาจากร้านขายยา,set_reminder
เตือนฉันให้เอาถังขยะออกวันศุกร์,set_reminder
เตือนให้เอาผ้าออกจากเครื่องซักผ้า,set_reminder
ยกเลิกการแจ้งเตือนอ่านหนังสือ,cancel_reminder
แสดงการแจ้งเตือนของฉันของอาทิตย์นี้,show_reminders
โปรดตั้งการแจ้งเตือนของวันเสาร์ตอนตี4,set_reminder
ฉันมีการแจ้งเตือนหรือไม่?,show_reminders
เตือนฉันให้โทรหาคุณแม่,set_reminder
แสดงการแจ้งเตือนของฉันทั้งหมด,show_reminders
เตือนให้ฉันตั้งปลุกเพื่อทำงาน,set_reminder
แสดงรายการแจ้งเตือนของฉันทั้งหมด,show_reminders
ยกเลิกการแจ้งเตือนนัดหมอของฉัน,cancel_reminder
เตือนฉันให้ซื้อขนมปัง,set_reminder
เตือนฉันให้นำคุกกี้ออกภายใน 15 นาที,set_reminder
แสดงการแจ้งเตือนของฉันสำหรับเดือนนี้,show_reminders
ตั้งค่าการแจ้งเตือน,set_reminder
ยกเลิกการแจ้งเตือนเพื่อไปหาช่าง,cancel_reminder
แสดงการเตือนในวันพรุ่งนี้ของฉัน,show_reminders
แสดงให้ฉันเห็นการเตือนอันถัดไป,show_reminders
โปรดเตือนฉันมีนัดอาทิตย์หน้า,set_reminder
เตือนฉันให้ตั้งปลุกด้วย,set_reminder
เตือนฉันให้ตั้งปลุกคืนนี้,set_reminder
แจ้งเตือนฉันเมื่อเวลา 17.00 น.,set_reminder
เตือนฉันให้ส่งอีเมล์ถึง Susanne เกี่ยวกับงานเลี้ยงในวันเสาร์นี้,set_reminder
ลบการแจ้งเตือน,cancel_reminder
แสดงการแจ้งเตือนฉันในวันพรุ่งนี้,show_reminders
ตั้งการแจ้งเตือนให้ไปรับนมสองแกลลอนหลังจากรอบการว่ายน้ำ,set_reminder
ยกเลิกการแจ้งเตือน,cancel_reminder
การแจ้งเตือนของฉันสำหรับวันนี้คืออะไร?,show_reminders
ลบการแจ้งเตือนทั้งหมดของฉัน,cancel_reminder
ยกเลิกการเตือนวันเกิดของแม่ฉัน,cancel_reminder
เตือนฉันเวลาเริ่มต้นของฉัน,set_reminder
ลบการแจ้งเตือนทั้งหมด,cancel_reminder
เตือนฉันไปร้านซักแห้ง,set_reminder
ยกเลิกการแจ้งเตือนให้พบกับทนายความ,cancel_reminder
ลบการแจ้งเตือนการประชุมในวันจันทร์,cancel_reminder
ลบการแจ้งเตือนทั้งหมดสำหรับสัปดาห์นี้,cancel_reminder
สวัสดีบอท! ฉันขอโทษ! โปรดยกเลิกการแจ้งเตือนทั้งหมดของฉันในวันนี้,cancel_reminder
เตือนฉันให้ทิ้งกุญแจไว้ในกล่องจดหมายก่อนที่ฉันจะออกไปทำงานในวันพรุ่งนี้,set_reminder
ตั้งค่าการแจ้งเตือนให้ซื้ออาหารสุนัขคืนนี้ 5 โมง,set_reminder
ยกเลิกการแจ้งเตือนทั้งหมดของฉันสำหรับวันนี้,cancel_reminder
อ่านการแจ้งเตือนของฉันในวันนี้,show_reminders
ยกเลิกการแจ้งเตือนสำหรับการโทรหาช่างประปา,cancel_reminder
สร้างการเตือน,set_reminder
ยกเลิกการแจ้งเตือนเพื่อไปที่เดอะมอลล์,cancel_reminder
แสดงการแจ้งเตือนของวันพรุ่งนี้,show_reminders
ยกเลิกการแจ้งเตือนสำหรับวันพรุ่งนี้,cancel_reminder
เตือนให้ฉันไปที่ร้านหลังจากทำงานในวันพฤหัสบดี,set_reminder
ฉันสามารถยกเลิกการแจ้งเตือนของฉันในวันพฤหัสบดีนี้เวลา 7.00 น.ได้ไหม,cancel_reminder
ลบการแจ้งเตือนทั้งหมดในวันพรุ่งนี้,cancel_reminder
ยกเลิกการแจ้งเตือนในวันนี้,cancel_reminder
เตือนฉันให้ส่งอีเมลไปหาครูลูกสาวของฉัน,set_reminder
ยกเลิกการแจ้งเตือน,cancel_reminder
การแจ้งเตือนของฉันคืออะไร?,show_reminders
ยกเลิกการเตือนซื้ออาหารสุนัขในวันพรุ่งนี้,cancel_reminder
เตือนฉันให้คว้ากุญแจของฉัน,set_reminder
เตือนให้ฉันจ่ายค่าไฟเช้าวันจันทร์,set_reminder
ลบการแจ้งเตือนของฉันสำหรับสุดสัปดาห์นี้,cancel_reminder
การแจ้งเตือนของฉันสำหรับวันพรุ่งนี้คืออะไร,show_reminders
ลบการแจ้งเตือนร้านขายของชำทั้งหมด,cancel_reminder
ลบการแจ้งเตือนทั้งหมด,cancel_reminder
เตือนให้ฉันกลับมาตรวจสอบอีกครั้งภายใน 30 นาที,set_reminder
แสดงให้ฉันเห็นการแจ้งเตือนในวันพรุ่งนี้,show_reminders
แสดงการแจ้งเตือนทั้งหมดในสัปดาห์นี้,show_reminders
แสดงการแจ้งเตือนของฉันในวันนี้,show_reminders
แสดงการแจ้งเตือนทั้งหมด,show_reminders
เตือนฉันให้ซื้อนมคืนนี้,set_reminder
โปรดลบการแจ้งเตือนทั้งหมดของฉัน,cancel_reminder
แสดงการแจ้งเตือน,show_reminders
ปิดการแจ้งเตือน,cancel_reminder
ยกเลิกการแจ้งเตือน,cancel_reminder
เตือนให้ฉันไปที่เป้าหมายในวันพรุ่งนี้ 2 ทุ่ม,set_reminder
ฉันมีการแจ้งเตือนหรือไม่?,show_reminders
เตือนให้ฉันซื้อวิตามินวันนี้,set_reminder
ยกเลิกการแจ้งเตือนเพื่อไปรับ Dave,cancel_reminder
ยกเลิกการแจ้งเตือนทั้งหมดของฉัน,cancel_reminder
แสดงการแจ้งเตือนของฉันสำหรับสัปดาห์หน้า,show_reminders
แสดงการเตือนของฉันในวันนี้,show_reminders
ฉันมีการแจ้งเตือนสำหรับวันนี้หรือไม่?,show_reminders
ยกเลิกการแจ้งเตือนการประชุม 5 โมงเย็น,cancel_reminder
ยกเลิกการแจ้งเตือนการออกกำลังกายทั้งหมด,cancel_reminder
เตือนฉันให้ซื้อขนมปังคืนนี้,set_reminder
ตรวจสอบการแจ้งเตือน,show_reminders
การแจ้งเตือนของฉันสำหรับวันพรุ่งนี้คืออะไร?,show_reminders
ยกเลิกการแจ้งเตือนสำหรับเกมในคืนนี้,cancel_reminder
ยกเลิกการแจ้งเตือนซื้อแอปเปิ้ลที่ร้านขายของชำ,cancel_reminder
ลบการแจ้งเตือนทั้งหมด,cancel_reminder
เตือนฉันคืนนี้ตอน 3 ทุ่มเพื่อจ่ายเงินสำหรับการจองโรงแรม,set_reminder
เตือนฉันให้ล้างรถในวันพฤหัสบดี,set_reminder
เตือนฉันให้ทำความสะอาดไมโครเวฟคืนนี้,set_reminder
การแจ้งเตือนของฉันคืออะไร?,show_reminders
ลบการแจ้งเตือนทั้งหมด,cancel_reminder
ยกเลิกการแจ้งเตือน,cancel_reminder
ลบการแจ้งเตือนทั้งหมดสำหรับสัปดาห์หน้า,cancel_reminder
อะไรคือการแจ้งเตือนทั้งหมดของฉัน,show_reminders
มีการแจ้งเตือนมั๊ย?,show_reminders
เตือนฉันว่าฉันไม่ควรเขียนจดหมายถึงแฟนเก่าของฉันหลังจากถึงบ้านคืนนี้,set_reminder
เตือนฉันให้ทำอาหารเย็นตอน 6 โมง,set_reminder
เตือนฉันว่าวันพรุ่งนี้ฉันมีงานต้องทำ,set_reminder
ลบการเตือนนัดหมายของหมอ,cancel_reminder
เตือนฉันให้ทำธุระ,set_reminder
ตั้งค่าการแจ้งเตือนเพื่อไปที่ร้านขายของชำในภายหลัง,set_reminder
แสดงการแจ้งเตือนทั้งหมดสำหรับวันพรุ่งนี้,show_reminders
แสดงการแจ้งเตือนของฉันสำหรับสัปดาห์นี้,show_reminders
ตั้งค่าการแจ้งเตือนสำหรับการนัดหมาย,set_reminder
เตือนฉันให้โทรหาแม่ตอนบ่ายนี้,set_reminder
เตือนฉันด้วยให้ไปเอาธัญพืชที่ร้านขายของชำ,set_reminder
แสดงการแจ้งเตือนของฉันสัปดาห์นี้,show_reminders
ยกเลิกการแจ้งเตือนการช็อปปิ้งของฉันในวันพรุ่งนี้,cancel_reminder
เตือนให้ฉันไปที่ร้านขายของชำในวันนี้,set_reminder
เตือนฉันให้เริ่มรับประทานอาหารค่ำเวลา 4โมงเย็นวันนี้,set_reminder
ตั้งการเตือนใหม่ให้นัดแพทย์,set_reminder
ลบการแจ้งเตือนสำหรับวันนี้,cancel_reminder
เตือนให้เติมก๊าซวันพฤหัสบดี,set_reminder
การแจ้งเตือนของฉันสำหรับวันนี้คืออะไร?,show_reminders
เตือนฉันให้ซื้อกระดาษทิชชู่หลังเลิกงาน,set_reminder
เตือนฉันไปช่วยวันพรุ่งนี้เวลา 8.00 โมงเช้า,set_reminder
ตั้งค่าการแจ้งเตือนไปหาหมอในสัปดาห์หน้า,set_reminder
เตือนฉันให้ตรวจสอบรายการที่ต้องทำเวลา 3 โมงเย็น,set_reminder
เตือนฉันให้ถามจูลี่เรื่องไคล์,set_reminder
ฉันต้องการการแจ้งเตือนสำหรับกินอาหารเช้าของฉันกับพ่อ,set_reminder
ลบการแจ้งเตือนของไปรับแพทริคออกจากโรงเรียนในวันพรุ่งนี้,cancel_reminder
ลบการแจ้งเตือนทั้งหมด,cancel_reminder
แสดงการแจ้งเตือนทั้งหมดสัปดาห์หน้า,show_reminders
ยกเลิกการแจ้งเตือนปาร์ตี้วันอาทิตย์,cancel_reminder
ตั้งค่าการแจ้งเตือนเพื่อไปที่ publix,set_reminder
อ่านการแจ้งเตือนของฉัน,show_reminders
ลบการแจ้งเตือนทั้งหมดที่ตั้งไว้,cancel_reminder
ลบการแจ้งเตือนทั้งหมด,cancel_reminder
ยกเลิกการแจ้งเตือนทั้งหมดของฉัน,cancel_reminder
ยกเลิกการแจ้งเตือนเพื่อซื้อขนมปัง,cancel_reminder
ลบการเตือนนัดแพทย์ในวันพรุ่งนี้,cancel_reminder
ปิดการแจ้งเตือนของฉันเพื่อส่ง appen hours,cancel_reminder
เพิ่มการแจ้งเตือนซื้ออาหาร,set_reminder
แสดงการแจ้งเตือนของฉัน,show_reminders
เตือนฉันไปรับพิซซ่า,set_reminder
ตั้งการแจ้งเตือนตอนเวลาห้าโมงเย็น,set_reminder
